start_time,bat_landing_to_food,habit,rat_period_start,rat_period_end,seconds_after_rat_arrival,risk,reward,month,sunset_time,hours_after_sunset,season,date
2017-12-30 18:37:00,16.0,rat,30/12/2017 18:35,30/12/2017 18:38,108,1,0,0,30/12/2017 16:45,2.0,0,2017-12-30
2017-12-30 19:51:00,0.074015603,fast,30/12/2017 19:50,30/12/2017 19:55,17,0,1,0,30/12/2017 16:45,3.0,0,2017-12-30
2017-12-30 19:51:00,4.0,fast,30/12/2017 19:50,30/12/2017 19:55,41,0,1,0,30/12/2017 16:45,3.0,0,2017-12-30
2017-12-30 19:52:00,10.0,rat,30/12/2017 19:50,30/12/2017 19:55,111,1,0,0,30/12/2017 16:45,3.0,0,2017-12-30
2017-12-30 19:54:00,15.0,rat,30/12/2017 19:50,30/12/2017 19:55,194,1,0,0,30/12/2017 16:45,3.0,0,2017-12-30
2017-12-30 19:54:00,24.0,rat,30/12/2017 19:50,30/12/2017 19:55,215,1,0,0,30/12/2017 16:45,3.0,0,2017-12-30
2017-12-30 19:54:00,13.0,rat,30/12/2017 19:50,30/12/2017 19:55,253,1,0,0,30/12/2017 16:45,3.0,0,2017-12-30
2017-12-26 21:24:00,15.0,rat,26/12/2017 21:22,26/12/2017 21:27,88,1,0,0,26/12/2017 16:43,4.5,0,2017-12-26
2017-12-26 21:24:00,6.0,pick,26/12/2017 21:22,26/12/2017 21:27,113,0,1,0,26/12/2017 16:43,4.5,0,2017-12-26
2017-12-26 21:24:00,3.0,fast,26/12/2017 21:22,26/12/2017 21:27,121,0,1,0,26/12/2017 16:43,4.5,0,2017-12-26
2017-12-26 21:24:00,5.0,pick,26/12/2017 21:22,26/12/2017 21:27,128,0,1,0,26/12/2017 16:43,4.5,0,2017-12-26
2017-12-26 21:25:00,6.0,pick,26/12/2017 21:22,26/12/2017 21:27,153,0,1,0,26/12/2017 16:43,4.5,0,2017-12-26
2017-12-26 21:26:00,10.0,rat,26/12/2017 21:22,26/12/2017 21:27,208,1,0,0,26/12/2017 16:43,4.5,0,2017-12-26
2017-12-26 21:26:00,1.0,bat_fight,26/12/2017 21:22,26/12/2017 21:27,216,1,0,0,26/12/2017 16:43,4.5,0,2017-12-26
2017-12-27 01:35:00,2.0,rat_and_no_food,27/12/2017 1:34,27/12/2017 1:41,37,1,0,0,26/12/2017 16:43,9.0,0,2017-12-27
2017-12-28 19:36:00,1.0,fast,28/12/2017 19:35,28/12/2017 19:46,14,0,1,0,28/12/2017 16:44,3.0,0,2017-12-28
2017-12-28 19:36:00,2.0,rat,28/12/2017 19:35,28/12/2017 19:46,40,1,0,0,28/12/2017 16:44,3.0,0,2017-12-28
2017-12-28 19:37:00,26.0,rat,28/12/2017 19:35,28/12/2017 19:46,68,1,0,0,28/12/2017 16:44,3.0,0,2017-12-28
2017-12-28 19:44:00,5.0,rat_and_others,28/12/2017 19:35,28/12/2017 19:46,521,1,0,0,28/12/2017 16:44,3.0,0,2017-12-28
2017-12-28 19:45:00,15.0,pick_and_others,28/12/2017 19:35,28/12/2017 19:46,564,1,1,0,28/12/2017 16:44,3.0,0,2017-12-28
2017-12-28 19:46:00,24.0,rat,28/12/2017 19:35,28/12/2017 19:46,607,1,0,0,28/12/2017 16:44,3.0,0,2017-12-28
2017-12-28 03:58:00,2.0,fast,28/12/2017 3:56,28/12/2017 4:13,107,0,1,0,27/12/2017 16:43,11.5,0,2017-12-28
2017-12-28 04:02:00,2.0,fast,28/12/2017 3:56,28/12/2017 4:13,358,0,1,0,27/12/2017 16:43,11.5,0,2017-12-28
2018-01-27 23:44:00,0.049410419,fast,27/01/2018 23:44,27/01/2018 23:50,12,0,1,1,27/01/2018 17:09,6.5,0,2018-01-27
2018-01-27 23:44:00,1.0,fast,27/01/2018 23:44,27/01/2018 23:50,14,0,1,1,27/01/2018 17:09,6.5,0,2018-01-27
2018-01-27 23:45:00,6.0,rat,27/01/2018 23:44,27/01/2018 23:50,49,1,0,1,27/01/2018 17:09,6.5,0,2018-01-27
2018-01-27 23:45:00,3.0,fast,27/01/2018 23:44,27/01/2018 23:50,68,0,1,1,27/01/2018 17:09,6.5,0,2018-01-27
2018-01-27 23:45:00,8.0,rat,27/01/2018 23:44,27/01/2018 23:50,84,1,0,1,27/01/2018 17:09,6.5,0,2018-01-27
2018-01-27 23:46:00,31.0,rat,27/01/2018 23:44,27/01/2018 23:50,122,1,0,1,27/01/2018 17:09,6.5,0,2018-01-27
2018-01-27 23:47:00,0.010695699,fast,27/01/2018 23:44,27/01/2018 23:50,186,0,1,1,27/01/2018 17:09,6.5,0,2018-01-27
2018-01-27 23:48:00,2.0,fast,27/01/2018 23:44,27/01/2018 23:50,231,0,1,1,27/01/2018 17:09,6.5,0,2018-01-27
2018-01-27 23:48:00,1.0,gaze,27/01/2018 23:44,27/01/2018 23:50,246,0,0,1,27/01/2018 17:09,6.5,0,2018-01-27
2018-01-27 23:48:00,9.0,pick,27/01/2018 23:44,27/01/2018 23:50,253,0,1,1,27/01/2018 17:09,6.5,0,2018-01-27
2018-01-27 23:50:00,6.0,pick,27/01/2018 23:44,27/01/2018 23:50,355,0,1,1,27/01/2018 17:09,6.5,0,2018-01-27
2018-01-28 04:20:00,11.0,pick,28/01/2018 4:08,28/01/2018 4:20,742,0,1,1,27/01/2018 17:09,11.0,0,2018-01-28
2018-01-01 01:52:00,2.0,fast,1/01/2018 1:50,1/01/2018 1:55,115,0,1,1,31/12/2017 16:46,9.0,0,2018-01-01
2018-01-31 19:44:00,3.0,rat,31/01/2018 19:41,31/01/2018 19:45,195,1,0,1,31/01/2018 17:13,2.5,0,2018-01-31
2018-01-31 22:23:00,1.0,fast,31/01/2018 22:20,31/01/2018 22:24,168,0,1,1,31/01/2018 17:13,5.0,0,2018-01-31
2018-01-10 04:12:00,1.0,rat,10/01/2018 4:07,10/01/2018 4:15,306,1,0,1,9/01/2018 16:53,11.5,0,2018-01-10
2018-01-28 19:56:00,1.0,fast,28/01/2018 19:56,28/01/2018 20:10,9,0,1,1,28/01/2018 17:10,3.0,0,2018-01-28
2018-01-28 20:03:00,1.0,rat,28/01/2018 19:56,28/01/2018 20:10,456,1,0,1,28/01/2018 17:10,3.0,0,2018-01-28
2018-01-28 20:04:00,0.035319187,rat,28/01/2018 19:56,28/01/2018 20:10,528,1,0,1,28/01/2018 17:10,3.0,0,2018-01-28
2018-01-28 20:05:00,1.0,rat,28/01/2018 19:56,28/01/2018 20:10,534,1,0,1,28/01/2018 17:10,3.0,0,2018-01-28
2018-01-28 20:05:00,7.0,pick_rat,28/01/2018 19:56,28/01/2018 20:10,545,1,1,1,28/01/2018 17:10,3.0,0,2018-01-28
2018-01-28 20:05:00,1.0,fast,28/01/2018 19:56,28/01/2018 20:10,551,0,1,1,28/01/2018 17:10,3.0,0,2018-01-28
2018-01-28 20:05:00,0.034803066,fast,28/01/2018 19:56,28/01/2018 20:10,569,0,1,1,28/01/2018 17:10,3.0,0,2018-01-28
2018-01-28 20:05:00,1.0,rat,28/01/2018 19:56,28/01/2018 20:10,583,1,0,1,28/01/2018 17:10,3.0,0,2018-01-28
2018-01-28 20:05:00,1.0,fast,28/01/2018 19:56,28/01/2018 20:10,589,0,1,1,28/01/2018 17:10,3.0,0,2018-01-28
2018-01-28 20:06:00,2.0,fast,28/01/2018 19:56,28/01/2018 20:10,627,0,1,1,28/01/2018 17:10,3.0,0,2018-01-28
2018-01-28 20:06:00,1.0,fast,28/01/2018 19:56,28/01/2018 20:10,631,0,1,1,28/01/2018 17:10,3.0,0,2018-01-28
2018-01-28 20:06:00,4.0,fast,28/01/2018 19:56,28/01/2018 20:10,642,0,1,1,28/01/2018 17:10,3.0,0,2018-01-28
2018-01-28 20:08:00,4.0,pick,28/01/2018 19:56,28/01/2018 20:10,720,0,1,1,28/01/2018 17:10,3.0,0,2018-01-28
2018-01-28 20:09:00,3.0,rat,28/01/2018 19:56,28/01/2018 20:10,824,1,0,1,28/01/2018 17:10,3.0,0,2018-01-28
2018-01-29 01:32:00,22.0,pick,29/01/2018 1:29,29/01/2018 1:33,225,0,1,1,28/01/2018 17:10,8.5,0,2018-01-29
2018-01-28 19:58:00,1.0,rat,28/01/2018 19:56,28/01/2018 20:10,162,1,0,1,28/01/2018 17:10,3.0,0,2018-01-28
2018-02-20 01:49:00,2.0,rat,20/02/2018 1:47,20/02/2018 1:50,151,1,0,2,19/02/2018 17:30,8.5,0,2018-02-20
2018-02-20 03:10:00,1.0,rat,20/02/2018 3:10,20/02/2018 3:11,17,1,0,2,19/02/2018 17:30,9.5,0,2018-02-20
2018-02-20 02:12:00,3.0,bat,20/02/2018 2:10,20/02/2018 2:13,116,1,0,2,19/02/2018 17:30,8.5,0,2018-02-20
2018-02-10 00:43:00,4.0,rat,10/02/2018 0:43,10/02/2018 0:45,22,1,0,2,9/02/2018 17:21,7.5,0,2018-02-10
2018-02-10 00:44:00,3.0,fast,10/02/2018 0:43,10/02/2018 0:45,96,0,1,2,9/02/2018 17:21,7.5,0,2018-02-10
2018-02-10 00:49:00,0.089216347,fast,10/02/2018 0:49,10/02/2018 0:51,18,0,1,2,9/02/2018 17:21,7.5,0,2018-02-10
2018-02-10 00:49:00,2.0,rat,10/02/2018 0:49,10/02/2018 0:51,56,1,0,2,9/02/2018 17:21,7.5,0,2018-02-10
2018-02-10 00:50:00,0.041390374,fast,10/02/2018 0:49,10/02/2018 0:51,65,0,1,2,9/02/2018 17:21,7.5,0,2018-02-10
2018-02-10 00:50:00,0.090143902,rat,10/02/2018 0:49,10/02/2018 0:51,81,1,0,2,9/02/2018 17:21,7.5,0,2018-02-10
2018-02-10 00:50:00,20.0,both,10/02/2018 0:49,10/02/2018 0:51,102,0,0,2,9/02/2018 17:21,7.5,0,2018-02-10
2018-02-10 00:51:00,2.0,rat,10/02/2018 0:49,10/02/2018 0:51,149,1,0,2,9/02/2018 17:21,7.5,0,2018-02-10
2018-02-10 00:44:00,7.0,bat,10/02/2018 0:43,10/02/2018 0:45,61,1,0,2,9/02/2018 17:21,7.5,0,2018-02-10
2018-02-10 00:44:00,21.0,pick_bat,10/02/2018 0:43,10/02/2018 0:45,65,1,1,2,9/02/2018 17:21,7.5,0,2018-02-10
2018-02-10 00:44:00,4.0,pick,10/02/2018 0:43,10/02/2018 0:45,68,0,1,2,9/02/2018 17:21,7.5,0,2018-02-10
2018-02-10 00:44:00,2.0,pick,10/02/2018 0:43,10/02/2018 0:45,80,0,1,2,9/02/2018 17:21,7.5,0,2018-02-10
2018-02-07 18:32:00,1.0,rat,7/02/2018 18:29,7/02/2018 18:44,166,1,0,2,7/02/2018 17:19,1.0,0,2018-02-07
2018-02-07 22:58:00,14.0,pick,7/02/2018 22:53,7/02/2018 22:58,299,0,1,2,7/02/2018 17:19,5.5,0,2018-02-07
2018-02-08 01:47:00,8.0,rat_attack,8/02/2018 1:47,8/02/2018 1:48,7,1,0,2,7/02/2018 17:19,8.5,0,2018-02-08
2018-02-08 01:52:00,1.0,fast,8/02/2018 1:52,8/02/2018 1:52,2,0,1,2,7/02/2018 17:19,8.5,0,2018-02-08
2018-02-08 02:06:00,6.0,rat,8/02/2018 2:05,8/02/2018 2:09,74,1,0,2,7/02/2018 17:19,9.0,0,2018-02-08
2018-02-08 02:06:00,1.0,rat,8/02/2018 2:05,8/02/2018 2:09,80,1,0,2,7/02/2018 17:19,9.0,0,2018-02-08
2018-02-08 02:07:00,7.0,rat,8/02/2018 2:05,8/02/2018 2:09,99,1,0,2,7/02/2018 17:19,9.0,0,2018-02-08
2018-02-08 02:07:00,4.0,rat,8/02/2018 2:05,8/02/2018 2:09,116,1,0,2,7/02/2018 17:19,9.0,0,2018-02-08
2018-02-08 02:08:00,4.0,rat,8/02/2018 2:05,8/02/2018 2:09,200,1,0,2,7/02/2018 17:19,9.0,0,2018-02-08
2018-02-08 03:41:00,0.035867953,rat,8/02/2018 3:41,8/02/2018 3:45,27,1,0,2,7/02/2018 17:19,10.5,0,2018-02-08
2018-02-02 00:43:00,2.0,fast,2/02/2018 0:40,2/02/2018 0:44,184,0,1,2,1/02/2018 17:14,7.5,0,2018-02-02
2018-02-02 00:44:00,1.0,rat,2/02/2018 0:40,2/02/2018 0:44,239,1,0,2,1/02/2018 17:14,7.5,0,2018-02-02
2018-02-09 00:06:00,3.0,fast,9/02/2018 0:06,9/02/2018 0:06,2,0,1,2,8/02/2018 17:20,7.0,0,2018-02-09
2018-02-09 00:11:00,1.0,rat,9/02/2018 0:09,9/02/2018 0:13,135,1,0,2,8/02/2018 17:20,7.0,0,2018-02-09
2018-02-09 00:26:00,17.0,pick,9/02/2018 0:26,9/02/2018 0:32,2,0,1,2,8/02/2018 17:20,7.0,0,2018-02-09
2018-02-09 00:29:00,1.0,rat,9/02/2018 0:26,9/02/2018 0:32,154,1,0,2,8/02/2018 17:20,7.0,0,2018-02-09
2018-02-09 03:31:00,1.0,rat,9/02/2018 3:28,9/02/2018 3:33,146,1,0,2,8/02/2018 17:20,10.0,0,2018-02-09
2018-02-09 03:32:00,21.0,rat,9/02/2018 3:28,9/02/2018 3:33,211,1,0,2,8/02/2018 17:20,10.0,0,2018-02-09
2018-02-09 03:32:00,9.0,pick,9/02/2018 3:28,9/02/2018 3:33,246,0,1,2,8/02/2018 17:20,10.0,0,2018-02-09
2018-02-13 03:44:00,1.0,rat,13/02/2018 3:43,13/02/2018 3:45,77,1,0,2,12/02/2018 17:24,10.5,0,2018-02-13
2018-02-13 03:50:00,3.0,fast,13/02/2018 3:49,13/02/2018 3:50,59,0,1,2,12/02/2018 17:24,10.5,0,2018-02-13
2018-02-14 22:05:00,1.0,rat,14/02/2018 22:04,14/02/2018 22:12,89,1,0,2,14/02/2018 17:26,4.5,0,2018-02-14
2018-02-14 22:08:00,2.0,rat,14/02/2018 22:04,14/02/2018 22:12,259,1,0,2,14/02/2018 17:26,4.5,0,2018-02-14
2018-02-14 22:11:00,4.0,rat,14/02/2018 22:04,14/02/2018 22:12,470,1,0,2,14/02/2018 17:26,5.0,0,2018-02-14
2018-02-14 22:46:00,2.0,rat,14/02/2018 22:43,14/02/2018 22:52,187,1,0,2,14/02/2018 17:26,5.5,0,2018-02-14
2018-02-14 22:46:00,1.0,rat,14/02/2018 22:43,14/02/2018 22:52,204,1,0,2,14/02/2018 17:26,5.5,0,2018-02-14
2018-02-14 22:50:00,2.0,rat,14/02/2018 22:43,14/02/2018 22:52,420,1,0,2,14/02/2018 17:26,5.5,0,2018-02-14
2018-02-14 22:50:00,9.0,rat,14/02/2018 22:43,14/02/2018 22:52,434,1,0,2,14/02/2018 17:26,5.5,0,2018-02-14
2018-02-14 22:51:00,0.061201372,rat,14/02/2018 22:43,14/02/2018 22:52,512,1,0,2,14/02/2018 17:26,5.5,0,2018-02-14
2018-02-14 22:52:00,1.0,rat,14/02/2018 22:43,14/02/2018 22:52,518,1,0,2,14/02/2018 17:26,5.5,0,2018-02-14
2018-02-14 03:11:00,31.0,pick,14/02/2018 3:02,14/02/2018 3:11,499,0,1,2,13/02/2018 17:25,10.0,0,2018-02-14
2018-02-14 05:30:00,1.0,rat,14/02/2018 5:26,14/02/2018 5:34,225,1,0,2,13/02/2018 17:25,12.0,0,2018-02-14
2018-02-15 18:21:00,0.050105814,fast,15/02/2018 18:20,15/02/2018 18:28,54,0,1,2,15/02/2018 17:26,1.0,0,2018-02-15
2018-02-15 19:31:00,1.0,fast,15/02/2018 19:30,15/02/2018 19:31,30,0,1,2,15/02/2018 17:26,2.0,0,2018-02-15
2018-02-15 19:31:00,0.085595674,attack_rat,15/02/2018 19:30,15/02/2018 19:31,71,1,0,2,15/02/2018 17:26,2.0,0,2018-02-15
2018-02-15 18:52:00,6.0,bat,15/02/2018 18:49,15/02/2018 18:55,179,1,0,2,15/02/2018 17:26,1.5,0,2018-02-15
2018-02-15 18:52:00,6.0,pick,15/02/2018 18:49,15/02/2018 18:55,201,0,1,2,15/02/2018 17:26,1.5,0,2018-02-15
2018-02-15 18:54:00,1.0,rat,15/02/2018 18:49,15/02/2018 18:55,321,1,0,2,15/02/2018 17:26,1.5,0,2018-02-15
2018-02-04 18:33:00,3.0,bat_and_rat,4/02/2018 18:32,4/02/2018 18:50,77,1,0,2,4/02/2018 17:17,1.5,0,2018-02-04
2018-02-03 17:51:00,29.0,rat,3/02/2018 17:51,3/02/2018 17:51,22,1,0,2,3/02/2018 17:16,0.5,0,2018-02-03
2018-02-02 18:30:00,4.0,rat,2/02/2018 18:30,2/02/2018 18:30,3,1,0,2,2/02/2018 17:15,1.5,0,2018-02-02
2018-02-16 22:18:00,2.0,rat,16/02/2018 22:18,16/02/2018 22:22,25,1,0,2,16/02/2018 17:27,5.0,0,2018-02-16
2018-02-16 22:21:00,16.0,rat,16/02/2018 22:18,16/02/2018 22:22,181,1,0,2,16/02/2018 17:27,5.0,0,2018-02-16
2018-02-16 22:21:00,2.0,rat,16/02/2018 22:18,16/02/2018 22:22,201,1,0,2,16/02/2018 17:27,5.0,0,2018-02-16
2018-02-16 22:21:00,1.0,fast,16/02/2018 22:18,16/02/2018 22:22,206,0,1,2,16/02/2018 17:27,5.0,0,2018-02-16
2018-02-16 22:22:00,0.07570842,rat_attack,16/02/2018 22:18,16/02/2018 22:22,250,1,0,2,16/02/2018 17:27,5.0,0,2018-02-16
2018-02-19 00:33:00,0.057540536,fast,19/02/2018 0:31,19/02/2018 0:34,157,0,1,2,18/02/2018 17:29,7.0,0,2018-02-19
2018-02-19 01:33:00,3.0,rat,19/02/2018 1:33,19/02/2018 1:33,6,1,0,2,18/02/2018 17:29,8.0,0,2018-02-19
2018-02-10 21:08:00,5.0,rat,10/02/2018 21:04,10/02/2018 21:11,222,1,0,2,10/02/2018 17:22,4.0,0,2018-02-10
2018-02-10 21:36:00,1.0,rat,10/02/2018 21:35,10/02/2018 21:36,68,1,0,2,10/02/2018 17:22,4.0,0,2018-02-10
2018-02-10 21:36:00,2.0,rat,10/02/2018 21:35,10/02/2018 21:36,75,1,0,2,10/02/2018 17:22,4.0,0,2018-02-10
2018-02-10 21:44:00,1.0,rat,10/02/2018 21:44,10/02/2018 21:51,6,1,0,2,10/02/2018 17:22,4.5,0,2018-02-10
2018-02-10 21:45:00,4.0,rat,10/02/2018 21:44,10/02/2018 21:51,92,1,0,2,10/02/2018 17:22,4.5,0,2018-02-10
2018-02-10 21:46:00,13.0,rat,10/02/2018 21:44,10/02/2018 21:51,137,1,0,2,10/02/2018 17:22,4.5,0,2018-02-10
2018-02-10 21:46:00,1.0,rat,10/02/2018 21:44,10/02/2018 21:51,155,1,0,2,10/02/2018 17:22,4.5,0,2018-02-10
2018-02-10 21:46:00,2.0,fast,10/02/2018 21:44,10/02/2018 21:51,158,0,1,2,10/02/2018 17:22,4.5,0,2018-02-10
2018-02-10 21:47:00,1.0,rat,10/02/2018 21:44,10/02/2018 21:51,224,1,0,2,10/02/2018 17:22,4.5,0,2018-02-10
2018-02-11 00:32:00,1.0,rat,11/02/2018 0:31,11/02/2018 0:33,35,1,0,2,10/02/2018 17:22,7.0,0,2018-02-11
2018-02-11 01:09:00,5.0,pick,11/02/2018 1:09,11/02/2018 1:10,7,0,1,2,10/02/2018 17:22,8.0,0,2018-02-11
2018-02-11 01:54:00,0.04438061,rat,11/02/2018 1:52,11/02/2018 1:58,105,1,0,2,10/02/2018 17:22,8.5,0,2018-02-11
2018-02-11 01:55:00,3.0,rat,11/02/2018 1:52,11/02/2018 1:58,132,1,0,2,10/02/2018 17:22,8.5,0,2018-02-11
2018-02-11 01:56:00,1.0,fast,11/02/2018 1:52,11/02/2018 1:58,242,0,1,2,10/02/2018 17:22,8.5,0,2018-02-11
2018-02-11 01:57:00,6.0,fast,11/02/2018 1:52,11/02/2018 1:58,269,0,1,2,10/02/2018 17:22,8.5,0,2018-02-11
2018-02-11 01:57:00,24.0,rat,11/02/2018 1:52,11/02/2018 1:58,286,1,0,2,10/02/2018 17:22,8.5,0,2018-02-11
2018-02-10 19:25:00,0.097399911,fast,10/02/2018 19:24,10/02/2018 19:25,13,0,1,2,10/02/2018 17:22,2.0,0,2018-02-10
2018-02-17 20:50:00,2.0,rat,17/02/2018 20:49,17/02/2018 20:51,20,1,0,2,17/02/2018 17:28,3.5,0,2018-02-17
2018-02-17 20:50:00,1.0,rat,17/02/2018 20:49,17/02/2018 20:51,35,1,0,2,17/02/2018 17:28,3.5,0,2018-02-17
2018-02-17 20:50:00,2.0,rat,17/02/2018 20:49,17/02/2018 20:51,42,1,0,2,17/02/2018 17:28,3.5,0,2018-02-17
2018-02-17 17:42:00,0.050211363,fast,17/02/2018 17:40,17/02/2018 17:43,139,0,1,2,17/02/2018 17:28,0.0,0,2018-02-17
2018-03-18 21:37:00,3.0,fast,18/03/2018 21:37,18/03/2018 21:40,2,0,1,3,18/03/2018 17:50,4.0,1,2018-03-18
2018-03-18 21:38:00,2.0,fast,18/03/2018 21:37,18/03/2018 21:40,73,0,1,3,18/03/2018 17:50,4.0,1,2018-03-18
2018-03-18 21:39:00,1.0,fast,18/03/2018 21:37,18/03/2018 21:40,105,0,1,3,18/03/2018 17:50,4.0,1,2018-03-18
2018-03-18 21:39:00,2.0,fast,18/03/2018 21:37,18/03/2018 21:40,130,0,1,3,18/03/2018 17:50,4.0,1,2018-03-18
2018-03-29 00:47:00,4.0,pick,29/03/2018 0:46,29/03/2018 0:55,71,0,1,3,28/03/2018 18:57,6.0,1,2018-03-29
2018-03-29 00:49:00,0.046019395,rat,29/03/2018 0:46,29/03/2018 0:55,192,1,0,3,28/03/2018 18:57,6.0,1,2018-03-29
2018-03-29 00:50:00,9.0,pick,29/03/2018 0:46,29/03/2018 0:55,220,0,1,3,28/03/2018 18:57,6.0,1,2018-03-29
2018-03-29 00:50:00,18.0,pick,29/03/2018 0:46,29/03/2018 0:55,239,0,1,3,28/03/2018 18:57,6.0,1,2018-03-29
2018-03-29 00:50:00,14.0,rat,29/03/2018 0:46,29/03/2018 0:55,250,1,0,3,28/03/2018 18:57,6.0,1,2018-03-29
2018-03-29 00:51:00,3.0,fast,29/03/2018 0:46,29/03/2018 0:55,265,0,1,3,28/03/2018 18:57,6.0,1,2018-03-29
2018-03-29 00:51:00,12.0,rat,29/03/2018 0:46,29/03/2018 0:55,279,1,0,3,28/03/2018 18:57,6.0,1,2018-03-29
2018-03-29 00:51:00,15.0,pick,29/03/2018 0:46,29/03/2018 0:55,295,0,1,3,28/03/2018 18:57,6.0,1,2018-03-29
2018-03-29 00:53:00,2.0,fast,29/03/2018 0:46,29/03/2018 0:55,426,0,1,3,28/03/2018 18:57,6.0,1,2018-03-29
2018-03-29 00:54:00,34.0,rat,29/03/2018 0:46,29/03/2018 0:55,452,1,0,3,28/03/2018 18:57,6.0,1,2018-03-29
2018-03-29 00:55:00,11.0,rat,29/03/2018 0:46,29/03/2018 0:55,507,1,0,3,28/03/2018 18:57,6.0,1,2018-03-29
2018-03-29 02:20:00,0.013008356,fast,29/03/2018 2:19,29/03/2018 2:25,29,0,1,3,28/03/2018 18:57,7.5,1,2018-03-29
2018-03-29 02:21:00,2.0,fast,29/03/2018 2:19,29/03/2018 2:25,135,0,1,3,28/03/2018 18:57,7.5,1,2018-03-29
2018-03-29 02:22:00,2.0,rat,29/03/2018 2:19,29/03/2018 2:25,188,1,0,3,28/03/2018 18:57,7.5,1,2018-03-29
2018-03-29 02:25:00,0.028276798,rat,29/03/2018 2:19,29/03/2018 2:25,329,1,0,3,28/03/2018 18:57,7.5,1,2018-03-29
2018-03-20 02:11:00,4.0,rat_pick,20/03/2018 2:11,20/03/2018 2:11,46,1,1,3,19/03/2018 17:51,8.5,1,2018-03-20
2018-03-20 03:17:00,2.0,fast,20/03/2018 3:15,20/03/2018 3:17,108,0,1,3,19/03/2018 17:51,9.5,1,2018-03-20
2018-03-31 01:57:00,3.0,fast,31/03/2018 1:48,31/03/2018 1:58,537,0,1,3,30/03/2018 18:59,7.0,1,2018-03-31
2018-03-31 01:58:00,0.064154735,fast,31/03/2018 1:48,31/03/2018 1:58,572,0,1,3,30/03/2018 18:59,7.0,1,2018-03-31
2018-04-02 22:04:00,10.0,rat,2/04/2018 21:58,2/04/2018 22:09,381,1,0,4,2/04/2018 19:01,3.0,1,2018-04-02
2018-04-02 22:05:00,8.0,rat_and_bat,2/04/2018 21:58,2/04/2018 22:09,436,1,0,4,2/04/2018 19:01,3.0,1,2018-04-02
2018-04-02 22:05:00,2.0,fast,2/04/2018 21:58,2/04/2018 22:09,450,0,1,4,2/04/2018 19:01,3.0,1,2018-04-02
2018-04-02 22:05:00,6.0,rat_and_bat,2/04/2018 21:58,2/04/2018 22:09,455,1,0,4,2/04/2018 19:01,3.0,1,2018-04-02
2018-04-02 22:07:00,0.030293066,fast,2/04/2018 21:58,2/04/2018 22:09,558,0,1,4,2/04/2018 19:01,3.0,1,2018-04-02
2018-04-02 22:09:00,7.0,rat,2/04/2018 21:58,2/04/2018 22:09,662,1,0,4,2/04/2018 19:01,3.0,1,2018-04-02
2018-04-02 22:09:00,6.0,rat,2/04/2018 21:58,2/04/2018 22:09,673,1,0,4,2/04/2018 19:01,3.0,1,2018-04-02
2018-04-02 22:09:00,18.0,pick,2/04/2018 21:58,2/04/2018 22:09,668,0,1,4,2/04/2018 19:01,3.0,1,2018-04-02
2018-04-02 22:09:00,17.0,rat_and_bat,2/04/2018 21:58,2/04/2018 22:09,695,1,0,4,2/04/2018 19:01,3.0,1,2018-04-02
2018-04-02 23:12:00,1.0,fast,2/04/2018 23:10,2/04/2018 23:18,128,0,1,4,2/04/2018 19:01,4.0,1,2018-04-02
2018-04-02 23:16:00,6.0,pick,2/04/2018 23:10,2/04/2018 23:18,381,0,1,4,2/04/2018 19:01,4.5,1,2018-04-02
2018-04-02 23:43:00,2.0,fast,2/04/2018 23:42,2/04/2018 23:48,80,0,1,4,2/04/2018 19:01,4.5,1,2018-04-02
2018-04-02 23:45:00,1.0,fast,2/04/2018 23:42,2/04/2018 23:48,177,0,1,4,2/04/2018 19:01,4.5,1,2018-04-02
2018-04-02 23:45:00,11.0,other_bat,2/04/2018 23:42,2/04/2018 23:48,223,1,0,4,2/04/2018 19:01,4.5,1,2018-04-02
2018-04-02 23:46:00,3.0,fast,2/04/2018 23:42,2/04/2018 23:48,234,0,1,4,2/04/2018 19:01,5.0,1,2018-04-02
2018-04-02 23:46:00,25.0,pick,2/04/2018 23:42,2/04/2018 23:48,239,0,1,4,2/04/2018 19:01,5.0,1,2018-04-02
2018-04-02 23:46:00,3.0,rat,2/04/2018 23:42,2/04/2018 23:48,262,1,0,4,2/04/2018 19:01,5.0,1,2018-04-02
2018-04-02 23:46:00,11.0,rat,2/04/2018 23:42,2/04/2018 23:48,287,1,0,4,2/04/2018 19:01,5.0,1,2018-04-02
2018-04-02 23:48:00,15.0,pick,2/04/2018 23:42,2/04/2018 23:48,355,0,1,4,2/04/2018 19:01,5.0,1,2018-04-02
2018-04-03 01:01:00,0.069936967,fast,3/04/2018 1:00,3/04/2018 1:21,53,0,1,4,2/04/2018 19:01,6.0,1,2018-04-03
2018-04-03 01:01:00,1.0,fast,3/04/2018 1:00,3/04/2018 1:21,82,0,1,4,2/04/2018 19:01,6.0,1,2018-04-03
2018-04-03 01:01:00,1.0,fast,3/04/2018 1:00,3/04/2018 1:21,98,0,1,4,2/04/2018 19:01,6.0,1,2018-04-03
2018-04-03 01:02:00,4.0,pick,3/04/2018 1:00,3/04/2018 1:21,101,0,1,4,2/04/2018 19:01,6.0,1,2018-04-03
2018-04-03 01:02:00,0.036982956,rat,3/04/2018 1:00,3/04/2018 1:21,112,1,0,4,2/04/2018 19:01,6.0,1,2018-04-03
2018-04-03 01:02:00,1.0,rat,3/04/2018 1:00,3/04/2018 1:21,120,1,0,4,2/04/2018 19:01,6.0,1,2018-04-03
2018-04-03 01:02:00,2.0,fast,3/04/2018 1:00,3/04/2018 1:21,128,0,1,4,2/04/2018 19:01,6.0,1,2018-04-03
2018-04-03 01:03:00,4.0,fast,3/04/2018 1:00,3/04/2018 1:21,180,0,1,4,2/04/2018 19:01,6.0,1,2018-04-03
2018-04-03 01:04:00,3.0,rat,3/04/2018 1:00,3/04/2018 1:21,232,1,0,4,2/04/2018 19:01,6.0,1,2018-04-03
2018-04-03 01:07:00,3.0,fast,3/04/2018 1:00,3/04/2018 1:21,435,0,1,4,2/04/2018 19:01,6.0,1,2018-04-03
2018-04-03 01:10:00,6.0,fast,3/04/2018 1:00,3/04/2018 1:21,612,0,1,4,2/04/2018 19:01,6.0,1,2018-04-03
2018-04-03 01:12:00,1.0,fast,3/04/2018 1:00,3/04/2018 1:21,708,0,1,4,2/04/2018 19:01,6.0,1,2018-04-03
2018-04-03 01:13:00,9.0,rat,3/04/2018 1:00,3/04/2018 1:21,777,1,0,4,2/04/2018 19:01,6.0,1,2018-04-03
2018-04-03 01:13:00,23.0,rat,3/04/2018 1:00,3/04/2018 1:21,806,1,0,4,2/04/2018 19:01,6.0,1,2018-04-03
2018-04-03 21:22:00,3.0,fast,3/04/2018 21:21,3/04/2018 21:32,90,0,1,4,3/04/2018 19:01,2.5,1,2018-04-03
2018-04-03 21:27:00,3.0,fast,3/04/2018 21:21,3/04/2018 21:32,376,0,1,4,3/04/2018 19:01,2.5,1,2018-04-03
2018-04-03 21:28:00,2.0,fast,3/04/2018 21:21,3/04/2018 21:32,452,0,1,4,3/04/2018 19:01,2.5,1,2018-04-03
2018-04-03 23:24:00,2.0,fast,3/04/2018 23:24,3/04/2018 23:40,12,0,1,4,3/04/2018 19:01,4.5,1,2018-04-03
2018-04-03 23:25:00,9.0,rat,3/04/2018 23:24,3/04/2018 23:40,31,1,0,4,3/04/2018 19:01,4.5,1,2018-04-03
2018-04-03 23:25:00,4.0,fast,3/04/2018 23:24,3/04/2018 23:40,58,0,1,4,3/04/2018 19:01,4.5,1,2018-04-03
2018-04-03 23:27:00,5.0,rat,3/04/2018 23:24,3/04/2018 23:40,187,1,0,4,3/04/2018 19:01,4.5,1,2018-04-03
2018-04-03 23:27:00,4.0,rat,3/04/2018 23:24,3/04/2018 23:40,197,1,0,4,3/04/2018 19:01,4.5,1,2018-04-03
2018-04-03 23:28:00,1.0,fast,3/04/2018 23:24,3/04/2018 23:40,224,0,1,4,3/04/2018 19:01,4.5,1,2018-04-03
2018-04-03 23:29:00,48.0,rat,3/04/2018 23:24,3/04/2018 23:40,312,1,0,4,3/04/2018 19:01,4.5,1,2018-04-03
2018-04-03 23:29:00,3.0,fast,3/04/2018 23:24,3/04/2018 23:40,312,0,1,4,3/04/2018 19:01,4.5,1,2018-04-03
2018-04-03 23:31:00,0.010238211,rat_to_bat,3/04/2018 23:24,3/04/2018 23:40,402,1,0,4,3/04/2018 19:01,4.5,1,2018-04-03
2018-04-03 23:34:00,2.0,fast,3/04/2018 23:24,3/04/2018 23:40,597,0,1,4,3/04/2018 19:01,4.5,1,2018-04-03
2018-04-03 23:40:00,2.0,rat,3/04/2018 23:24,3/04/2018 23:40,949,1,0,4,3/04/2018 19:01,4.5,1,2018-04-03
2018-04-04 00:48:00,3.0,rat,4/04/2018 0:48,4/04/2018 0:58,12,1,0,4,3/04/2018 19:01,6.0,1,2018-04-04
2018-04-04 00:48:00,4.0,fast,4/04/2018 0:48,4/04/2018 0:58,25,0,1,4,3/04/2018 19:01,6.0,1,2018-04-04
2018-04-04 00:49:00,22.0,other_bats/rat,4/04/2018 0:48,4/04/2018 0:58,59,1,0,4,3/04/2018 19:01,6.0,1,2018-04-04
2018-04-04 00:49:00,2.0,fast,4/04/2018 0:48,4/04/2018 0:58,97,0,1,4,3/04/2018 19:01,6.0,1,2018-04-04
2018-04-04 00:49:00,2.0,fast,4/04/2018 0:48,4/04/2018 0:58,112,0,1,4,3/04/2018 19:01,6.0,1,2018-04-04
2018-04-04 00:50:00,59.0,rat,4/04/2018 0:48,4/04/2018 0:58,165,1,0,4,3/04/2018 19:01,6.0,1,2018-04-04
2018-04-04 00:51:00,4.0,fast,4/04/2018 0:48,4/04/2018 0:58,217,0,1,4,3/04/2018 19:01,6.0,1,2018-04-04
2018-04-04 00:54:00,1.0,rat,4/04/2018 0:48,4/04/2018 0:58,357,1,0,4,3/04/2018 19:01,6.0,1,2018-04-04
2018-04-04 00:55:00,14.0,rat,4/04/2018 0:48,4/04/2018 0:58,418,1,0,4,3/04/2018 19:01,6.0,1,2018-04-04
2018-04-04 00:58:00,1.0,fast,4/04/2018 0:48,4/04/2018 0:58,624,0,1,4,3/04/2018 19:01,6.0,1,2018-04-04
2018-04-26 21:25:00,6.0,rat,26/04/2018 21:24,26/04/2018 21:26,22,1,0,4,26/04/2018 19:17,2.0,1,2018-04-26
2018-04-26 21:25:00,2.0,bat_and_rat,26/04/2018 21:24,26/04/2018 21:26,29,1,0,4,26/04/2018 19:17,2.0,1,2018-04-26
2018-04-26 21:25:00,8.0,bat_and_pick,26/04/2018 21:24,26/04/2018 21:26,45,1,1,4,26/04/2018 19:17,2.0,1,2018-04-26
2018-04-26 21:25:00,5.0,bat_and_rat,26/04/2018 21:24,26/04/2018 21:26,66,1,0,4,26/04/2018 19:17,2.0,1,2018-04-26
2018-04-26 21:26:00,2.0,bat_fight,26/04/2018 21:24,26/04/2018 21:26,76,1,0,4,26/04/2018 19:17,2.0,1,2018-04-26
2018-04-26 21:26:00,15.0,bat_fight,26/04/2018 21:24,26/04/2018 21:26,88,1,0,4,26/04/2018 19:17,2.0,1,2018-04-26
2018-04-26 21:26:00,4.0,bat_fight_and_pick,26/04/2018 21:24,26/04/2018 21:26,101,1,1,4,26/04/2018 19:17,2.0,1,2018-04-26
2018-04-26 22:25:00,15.0,bat,26/04/2018 22:25,26/04/2018 22:36,16,1,0,4,26/04/2018 19:17,3.0,1,2018-04-26
2018-04-26 22:26:00,18.0,bat_and_pick,26/04/2018 22:25,26/04/2018 22:36,33,1,1,4,26/04/2018 19:17,3.0,1,2018-04-26
2018-04-26 22:26:00,3.0,pick,26/04/2018 22:25,26/04/2018 22:36,65,0,1,4,26/04/2018 19:17,3.0,1,2018-04-26
2018-04-26 22:26:00,13.0,bat_and_pick,26/04/2018 22:25,26/04/2018 22:36,81,1,1,4,26/04/2018 19:17,3.0,1,2018-04-26
2018-04-26 22:26:00,14.0,bat_and_pick,26/04/2018 22:25,26/04/2018 22:36,81,1,1,4,26/04/2018 19:17,3.0,1,2018-04-26
2018-04-26 22:27:00,10.0,bat_and_pick,26/04/2018 22:25,26/04/2018 22:36,92,1,1,4,26/04/2018 19:17,3.0,1,2018-04-26
2018-04-26 22:27:00,7.0,bat_and_rat,26/04/2018 22:25,26/04/2018 22:36,126,1,0,4,26/04/2018 19:17,3.0,1,2018-04-26
2018-04-26 22:28:00,3.0,pick,26/04/2018 22:25,26/04/2018 22:36,202,0,1,4,26/04/2018 19:17,3.0,1,2018-04-26
2018-04-26 22:29:00,1.0,fast,26/04/2018 22:25,26/04/2018 22:36,215,0,1,4,26/04/2018 19:17,3.0,1,2018-04-26
2018-04-26 22:30:00,23.0,bat,26/04/2018 22:25,26/04/2018 22:36,274,1,0,4,26/04/2018 19:17,3.0,1,2018-04-26
2018-04-26 22:30:00,4.0,pick,26/04/2018 22:25,26/04/2018 22:36,318,0,1,4,26/04/2018 19:17,3.0,1,2018-04-26
2018-04-26 22:30:00,5.0,pick_and_bat,26/04/2018 22:25,26/04/2018 22:36,322,1,1,4,26/04/2018 19:17,3.0,1,2018-04-26
2018-04-26 22:31:00,3.0,fast,26/04/2018 22:25,26/04/2018 22:36,326,0,1,4,26/04/2018 19:17,3.0,1,2018-04-26
2018-04-26 22:31:00,2.0,fast,26/04/2018 22:25,26/04/2018 22:36,340,0,1,4,26/04/2018 19:17,3.0,1,2018-04-26
2018-04-26 22:31:00,55.0,bat_and_pick,26/04/2018 22:25,26/04/2018 22:36,343,1,1,4,26/04/2018 19:17,3.0,1,2018-04-26
2018-04-26 22:32:00,3.0,fast,26/04/2018 22:25,26/04/2018 22:36,392,0,1,4,26/04/2018 19:17,3.5,1,2018-04-26
2018-04-26 22:35:00,2.0,bat_fight,26/04/2018 22:25,26/04/2018 22:36,594,1,0,4,26/04/2018 19:17,3.5,1,2018-04-26
2018-04-26 22:35:00,2.0,bat_fight,26/04/2018 22:25,26/04/2018 22:36,602,1,0,4,26/04/2018 19:17,3.5,1,2018-04-26
2018-04-26 22:35:00,1.0,rat,26/04/2018 22:25,26/04/2018 22:36,613,1,0,4,26/04/2018 19:17,3.5,1,2018-04-26
2018-04-26 22:36:00,18.0,pick_and_others,26/04/2018 22:25,26/04/2018 22:36,635,1,1,4,26/04/2018 19:17,3.5,1,2018-04-26
2018-04-26 23:05:00,0.028315379,fast,26/04/2018 23:04,26/04/2018 23:09,22,0,1,4,26/04/2018 19:17,4.0,1,2018-04-26
2018-04-26 23:05:00,6.0,pick_and_bat,26/04/2018 23:04,26/04/2018 23:09,37,1,1,4,26/04/2018 19:17,4.0,1,2018-04-26
2018-04-26 23:05:00,9.0,bat,26/04/2018 23:04,26/04/2018 23:09,46,1,0,4,26/04/2018 19:17,4.0,1,2018-04-26
2018-04-26 23:06:00,2.0,fast,26/04/2018 23:04,26/04/2018 23:09,87,0,1,4,26/04/2018 19:17,4.0,1,2018-04-26
2018-04-26 23:06:00,8.0,pick,26/04/2018 23:04,26/04/2018 23:09,96,0,1,4,26/04/2018 19:17,4.0,1,2018-04-26
2018-04-26 23:06:00,6.0,pick,26/04/2018 23:04,26/04/2018 23:09,110,0,1,4,26/04/2018 19:17,4.0,1,2018-04-26
2018-04-26 23:09:00,6.0,pick,26/04/2018 23:04,26/04/2018 23:09,273,0,1,4,26/04/2018 19:17,4.0,1,2018-04-26
2018-04-26 23:09:00,0.039556377,fast,26/04/2018 23:04,26/04/2018 23:09,283,0,1,4,26/04/2018 19:17,4.0,1,2018-04-26
2018-04-27 00:24:00,7.0,bat_pick_rat,27/04/2018 0:24,27/04/2018 0:28,10,1,1,4,26/04/2018 19:17,5.0,1,2018-04-27
2018-04-27 00:25:00,4.0,fast,27/04/2018 0:24,27/04/2018 0:28,65,0,1,4,26/04/2018 19:17,5.0,1,2018-04-27
2018-04-27 00:25:00,0.02018894,rat,27/04/2018 0:24,27/04/2018 0:28,72,1,0,4,26/04/2018 19:17,5.0,1,2018-04-27
2018-04-27 00:25:00,47.0,bat_and_rat,27/04/2018 0:24,27/04/2018 0:28,91,1,0,4,26/04/2018 19:17,5.0,1,2018-04-27
2018-04-27 00:26:00,35.0,bat,27/04/2018 0:24,27/04/2018 0:28,129,1,0,4,26/04/2018 19:17,5.0,1,2018-04-27
2018-04-27 00:26:00,13.0,bat_and_pick,27/04/2018 0:24,27/04/2018 0:28,138,1,1,4,26/04/2018 19:17,5.0,1,2018-04-27
2018-04-27 00:27:00,12.0,bat_and_pick,27/04/2018 0:24,27/04/2018 0:28,164,1,1,4,26/04/2018 19:17,5.0,1,2018-04-27
2018-04-27 00:27:00,20.0,bat_and_pick,27/04/2018 0:24,27/04/2018 0:28,183,1,1,4,26/04/2018 19:17,5.0,1,2018-04-27
2018-04-27 00:27:00,9.0,bat_and_pick,27/04/2018 0:24,27/04/2018 0:28,187,1,1,4,26/04/2018 19:17,5.0,1,2018-04-27
2018-04-27 00:27:00,21.0,bat_and_pick,27/04/2018 0:24,27/04/2018 0:28,199,1,1,4,26/04/2018 19:17,5.0,1,2018-04-27
2018-04-27 00:28:00,1.0,rat,27/04/2018 0:24,27/04/2018 0:28,226,1,0,4,26/04/2018 19:17,5.0,1,2018-04-27
2018-04-27 00:28:00,6.0,pick,27/04/2018 0:24,27/04/2018 0:28,231,0,1,4,26/04/2018 19:17,5.0,1,2018-04-27
2018-04-27 01:19:00,15.0,bat_and_pick,27/04/2018 1:18,27/04/2018 1:22,76,1,1,4,26/04/2018 19:17,6.0,1,2018-04-27
2018-04-27 01:19:00,3.0,bat_fight,27/04/2018 1:18,27/04/2018 1:22,85,1,0,4,26/04/2018 19:17,6.0,1,2018-04-27
2018-04-27 01:20:00,8.0,pick,27/04/2018 1:18,27/04/2018 1:22,119,0,1,4,26/04/2018 19:17,6.0,1,2018-04-27
2018-04-27 01:20:00,10.0,pick,27/04/2018 1:18,27/04/2018 1:22,126,0,1,4,26/04/2018 19:17,6.0,1,2018-04-27
2018-04-27 01:20:00,15.0,pick,27/04/2018 1:18,27/04/2018 1:22,142,0,1,4,26/04/2018 19:17,6.0,1,2018-04-27
2018-04-27 01:21:00,26.0,pick_and_all,27/04/2018 1:18,27/04/2018 1:22,223,1,1,4,26/04/2018 19:17,6.0,1,2018-04-27
2018-04-27 02:10:00,0.050962883,rat_and_bat,27/04/2018 2:10,27/04/2018 2:20,7,1,0,4,26/04/2018 19:17,7.0,1,2018-04-27
2018-04-27 02:11:00,5.0,pick,27/04/2018 2:10,27/04/2018 2:20,47,0,1,4,26/04/2018 19:17,7.0,1,2018-04-27
2018-04-27 02:13:00,3.0,fast,27/04/2018 2:10,27/04/2018 2:20,140,0,1,4,26/04/2018 19:17,7.0,1,2018-04-27
2018-04-27 02:14:00,13.0,pick,27/04/2018 2:10,27/04/2018 2:20,246,0,1,4,26/04/2018 19:17,7.0,1,2018-04-27
2018-04-27 02:16:00,3.0,rat,27/04/2018 2:10,27/04/2018 2:20,318,1,0,4,26/04/2018 19:17,7.0,1,2018-04-27
2018-04-27 02:16:00,0.09619989,rat_pick_and_bat,27/04/2018 2:10,27/04/2018 2:20,366,1,1,4,26/04/2018 19:17,7.0,1,2018-04-27
2018-04-27 02:17:00,0.063771569,rat,27/04/2018 2:10,27/04/2018 2:20,368,1,0,4,26/04/2018 19:17,7.0,1,2018-04-27
2018-04-27 02:19:00,0.081091814,pick,27/04/2018 2:10,27/04/2018 2:20,537,0,1,4,26/04/2018 19:17,7.0,1,2018-04-27
2018-04-27 02:39:00,2.0,fast,27/04/2018 2:38,27/04/2018 2:58,62,0,1,4,26/04/2018 19:17,7.5,1,2018-04-27
2018-04-27 02:49:00,2.0,fast,27/04/2018 2:38,27/04/2018 2:58,660,0,1,4,26/04/2018 19:17,7.5,1,2018-04-27
2018-04-27 02:51:00,0.032779517,fast,27/04/2018 2:38,27/04/2018 2:58,784,0,1,4,26/04/2018 19:17,7.5,1,2018-04-27
2018-04-27 02:52:00,10.0,pick,27/04/2018 2:38,27/04/2018 2:58,811,0,1,4,26/04/2018 19:17,7.5,1,2018-04-27
2018-04-27 02:52:00,22.0,pick,27/04/2018 2:38,27/04/2018 2:58,825,0,1,4,26/04/2018 19:17,7.5,1,2018-04-27
2018-04-27 02:53:00,0.068238813,pick_and_bat,27/04/2018 2:38,27/04/2018 2:58,857,1,1,4,26/04/2018 19:17,7.5,1,2018-04-27
2018-04-27 02:53:00,11.0,pick_and_bat,27/04/2018 2:38,27/04/2018 2:58,908,1,1,4,26/04/2018 19:17,7.5,1,2018-04-27
2018-04-27 03:01:00,1.0,fast,27/04/2018 3:01,27/04/2018 3:02,17,0,1,4,26/04/2018 19:17,7.5,1,2018-04-27
2018-04-27 03:01:00,2.0,fast,27/04/2018 3:01,27/04/2018 3:02,22,0,1,4,26/04/2018 19:17,7.5,1,2018-04-27
2018-04-27 03:23:00,0.042707344,rat_and_bat,27/04/2018 3:22,27/04/2018 3:25,17,1,0,4,26/04/2018 19:17,8.0,1,2018-04-27
2018-04-27 03:23:00,13.0,pick,27/04/2018 3:22,27/04/2018 3:25,20,0,1,4,26/04/2018 19:17,8.0,1,2018-04-27
2018-04-27 03:23:00,0.043905767,bat_and_rat,27/04/2018 3:22,27/04/2018 3:25,33,1,0,4,26/04/2018 19:17,8.0,1,2018-04-27
2018-04-27 03:24:00,1.0,fast,27/04/2018 3:22,27/04/2018 3:25,99,0,1,4,26/04/2018 19:17,8.0,1,2018-04-27
2018-04-27 03:25:00,0.076705397,rat,27/04/2018 3:22,27/04/2018 3:25,142,1,0,4,26/04/2018 19:17,8.0,1,2018-04-27
2018-04-27 03:43:00,0.040958086,fast,27/04/2018 3:43,27/04/2018 3:46,38,0,1,4,26/04/2018 19:17,8.5,1,2018-04-27
2018-04-27 03:45:00,0.056999457,bat_and_rat,27/04/2018 3:43,27/04/2018 3:46,159,1,0,4,26/04/2018 19:17,8.5,1,2018-04-27
2018-04-27 03:45:00,0.099530937,bat,27/04/2018 3:43,27/04/2018 3:46,160,1,0,4,26/04/2018 19:17,8.5,1,2018-04-27
2018-04-27 03:45:00,0.014419381,bat,27/04/2018 3:43,27/04/2018 3:46,168,1,0,4,26/04/2018 19:17,8.5,1,2018-04-27
2018-04-27 04:01:00,3.0,pick,27/04/2018 3:59,27/04/2018 4:01,106,0,1,4,26/04/2018 19:17,8.5,1,2018-04-27
2018-04-27 04:12:00,5.0,pick,27/04/2018 4:11,27/04/2018 4:16,106,0,1,4,26/04/2018 19:17,9.0,1,2018-04-27
2018-04-27 04:36:00,0.040564984,pick_and_rat,27/04/2018 4:28,27/04/2018 4:44,445,1,1,4,26/04/2018 19:17,9.5,1,2018-04-27
2018-04-26 22:28:00,16.0,bat_and_pick,26/04/2018 22:25,26/04/2018 22:36,183,1,1,4,26/04/2018 19:17,3.0,1,2018-04-26
2018-04-26 23:05:00,0.044489486,fast,26/04/2018 23:04,26/04/2018 23:09,26,0,1,4,26/04/2018 19:17,4.0,1,2018-04-26
2018-04-26 23:05:00,2.0,fight_rat,26/04/2018 23:04,26/04/2018 23:09,34,1,0,4,26/04/2018 19:17,4.0,1,2018-04-26
2018-04-27 02:48:00,1.0,fast,27/04/2018 2:38,27/04/2018 2:58,570,0,1,4,26/04/2018 19:17,7.5,1,2018-04-27
2018-04-27 03:25:00,3.0,fast,27/04/2018 3:22,27/04/2018 3:25,140,0,1,4,26/04/2018 19:17,8.0,1,2018-04-27
2018-04-19 19:25:00,0.051207358,fast,19/04/2018 19:23,19/04/2018 19:33,75,0,1,4,19/04/2018 19:12,0.0,1,2018-04-19
2018-04-19 19:26:00,1.0,fast,19/04/2018 19:23,19/04/2018 19:33,167,0,1,4,19/04/2018 19:12,0.0,1,2018-04-19
2018-04-19 19:27:00,1.0,fast,19/04/2018 19:23,19/04/2018 19:33,230,0,1,4,19/04/2018 19:12,0.5,1,2018-04-19
2018-04-19 19:32:00,5.0,rat,19/04/2018 19:23,19/04/2018 19:33,547,1,0,4,19/04/2018 19:12,0.5,1,2018-04-19
2018-04-19 21:33:00,0.039785341,rat,19/04/2018 21:29,19/04/2018 21:39,220,1,0,4,19/04/2018 19:12,2.5,1,2018-04-19
2018-04-19 21:38:00,3.0,pick,19/04/2018 21:29,19/04/2018 21:39,487,0,1,4,19/04/2018 19:12,2.5,1,2018-04-19
2018-04-19 21:38:00,2.0,rat,19/04/2018 21:29,19/04/2018 21:39,493,1,0,4,19/04/2018 19:12,2.5,1,2018-04-19
2018-04-19 22:34:00,4.0,rat,19/04/2018 22:34,19/04/2018 22:43,22,1,0,4,19/04/2018 19:12,3.5,1,2018-04-19
2018-04-19 22:42:00,1.0,rat,19/04/2018 22:34,19/04/2018 22:43,472,1,0,4,19/04/2018 19:12,3.5,1,2018-04-19
2018-04-20 00:03:00,12.0,pick,20/04/2018 0:00,20/04/2018 0:18,185,0,1,4,19/04/2018 19:12,5.0,1,2018-04-20
2018-04-20 00:02:00,39.0,both,20/04/2018 0:00,20/04/2018 0:18,155,0,0,4,19/04/2018 19:12,5.0,1,2018-04-20
2018-04-20 00:03:00,14.0,rat,20/04/2018 0:00,20/04/2018 0:18,207,1,0,4,19/04/2018 19:12,5.0,1,2018-04-20
2018-04-20 00:04:00,5.0,rat,20/04/2018 0:00,20/04/2018 0:18,235,1,0,4,19/04/2018 19:12,5.0,1,2018-04-20
2018-04-20 00:04:00,0.016181067,rat,20/04/2018 0:00,20/04/2018 0:18,262,1,0,4,19/04/2018 19:12,5.0,1,2018-04-20
2018-04-20 00:05:00,29.0,rat_and_bat,20/04/2018 0:00,20/04/2018 0:18,295,1,0,4,19/04/2018 19:12,5.0,1,2018-04-20
2018-04-20 00:05:00,3.0,rat_and_bat,20/04/2018 0:00,20/04/2018 0:18,320,1,0,4,19/04/2018 19:12,5.0,1,2018-04-20
2018-04-20 00:06:00,18.0,rat_and_bat,20/04/2018 0:00,20/04/2018 0:18,341,1,0,4,19/04/2018 19:12,5.0,1,2018-04-20
2018-04-20 00:08:00,11.0,rat,20/04/2018 0:00,20/04/2018 0:18,508,1,0,4,19/04/2018 19:12,5.0,1,2018-04-20
2018-04-20 00:10:00,1.0,fast,20/04/2018 0:00,20/04/2018 0:18,579,0,1,4,19/04/2018 19:12,5.0,1,2018-04-20
2018-04-20 00:11:00,0.093784466,fast,20/04/2018 0:00,20/04/2018 0:18,673,0,1,4,19/04/2018 19:12,5.0,1,2018-04-20
2018-04-20 00:11:00,0.019265878,fast,20/04/2018 0:00,20/04/2018 0:18,697,0,1,4,19/04/2018 19:12,5.0,1,2018-04-20
2018-04-20 00:12:00,1.0,fast,20/04/2018 0:00,20/04/2018 0:18,711,0,1,4,19/04/2018 19:12,5.0,1,2018-04-20
2018-04-20 00:13:00,6.0,fast,20/04/2018 0:00,20/04/2018 0:18,809,0,1,4,19/04/2018 19:12,5.0,1,2018-04-20
2018-04-20 00:14:00,10.0,rat,20/04/2018 0:00,20/04/2018 0:18,825,1,0,4,19/04/2018 19:12,5.0,1,2018-04-20
2018-04-20 00:14:00,0.058920205,fast,20/04/2018 0:00,20/04/2018 0:18,863,0,1,4,19/04/2018 19:12,5.0,1,2018-04-20
2018-04-20 02:00:00,0.024862202,fast,20/04/2018 1:59,20/04/2018 2:03,39,0,1,4,19/04/2018 19:12,7.0,1,2018-04-20
2018-04-20 02:00:00,1.0,fast,20/04/2018 1:59,20/04/2018 2:03,41,0,1,4,19/04/2018 19:12,7.0,1,2018-04-20
2018-04-20 02:00:00,10.0,rat,20/04/2018 1:59,20/04/2018 2:03,65,1,0,4,19/04/2018 19:12,7.0,1,2018-04-20
2018-04-20 02:00:00,1.0,fast,20/04/2018 1:59,20/04/2018 2:03,84,0,1,4,19/04/2018 19:12,7.0,1,2018-04-20
2018-04-20 02:01:00,1.0,fast,20/04/2018 1:59,20/04/2018 2:03,122,0,1,4,19/04/2018 19:12,7.0,1,2018-04-20
2018-04-20 02:01:00,0.014004332,fast,20/04/2018 1:59,20/04/2018 2:03,141,0,1,4,19/04/2018 19:12,7.0,1,2018-04-20
2018-04-20 02:02:00,7.0,rat,20/04/2018 1:59,20/04/2018 2:03,164,1,0,4,19/04/2018 19:12,7.0,1,2018-04-20
2018-04-20 02:03:00,7.0,pick,20/04/2018 1:59,20/04/2018 2:03,216,0,1,4,19/04/2018 19:12,7.0,1,2018-04-20
2018-04-20 02:48:00,3.0,rat,20/04/2018 2:44,20/04/2018 2:51,210,1,0,4,19/04/2018 19:12,7.5,1,2018-04-20
2018-04-20 02:48:00,6.0,rat,20/04/2018 2:44,20/04/2018 2:51,235,1,0,4,19/04/2018 19:12,7.5,1,2018-04-20
2018-04-20 02:49:00,4.0,pick,20/04/2018 2:44,20/04/2018 2:51,269,0,1,4,19/04/2018 19:12,7.5,1,2018-04-20
2018-04-20 02:49:00,5.0,pick,20/04/2018 2:44,20/04/2018 2:51,303,0,1,4,19/04/2018 19:12,7.5,1,2018-04-20
2018-04-20 03:27:00,4.0,fast,20/04/2018 3:24,20/04/2018 3:36,180,0,1,4,19/04/2018 19:12,8.5,1,2018-04-20
2018-04-20 03:31:00,4.0,fast,20/04/2018 3:24,20/04/2018 3:36,467,0,1,4,19/04/2018 19:12,8.5,1,2018-04-20
2018-04-20 03:32:00,10.0,pick,20/04/2018 3:24,20/04/2018 3:36,512,0,1,4,19/04/2018 19:12,8.5,1,2018-04-20
2018-04-20 03:32:00,10.0,rat,20/04/2018 3:24,20/04/2018 3:36,521,1,0,4,19/04/2018 19:12,8.5,1,2018-04-20
2018-04-20 03:33:00,2.0,fast,20/04/2018 3:24,20/04/2018 3:36,547,0,1,4,19/04/2018 19:12,8.5,1,2018-04-20
2018-04-20 03:33:00,1.0,fast,20/04/2018 3:24,20/04/2018 3:36,573,0,1,4,19/04/2018 19:12,8.5,1,2018-04-20
2018-04-20 03:33:00,3.0,fast,20/04/2018 3:24,20/04/2018 3:36,591,0,1,4,19/04/2018 19:12,8.5,1,2018-04-20
2018-04-20 03:34:00,3.0,pick,20/04/2018 3:24,20/04/2018 3:36,621,0,1,4,19/04/2018 19:12,8.5,1,2018-04-20
2018-04-20 03:57:00,3.0,fast,20/04/2018 3:51,20/04/2018 4:01,330,0,1,4,19/04/2018 19:12,9.0,1,2018-04-20
2018-04-20 03:59:00,0.068554286,fast,20/04/2018 3:51,20/04/2018 4:01,487,0,1,4,19/04/2018 19:12,9.0,1,2018-04-20
2018-04-20 04:00:00,3.0,pick,20/04/2018 3:51,20/04/2018 4:01,522,0,1,4,19/04/2018 19:12,9.0,1,2018-04-20
2018-04-21 19:30:00,4.0,rat,21/04/2018 19:30,21/04/2018 19:35,24,1,0,4,21/04/2018 19:14,0.5,1,2018-04-21
2018-04-21 19:58:00,1.0,fast,21/04/2018 19:57,21/04/2018 20:06,17,0,1,4,21/04/2018 19:14,0.5,1,2018-04-21
2018-04-21 19:59:00,20.0,pick_and_others,21/04/2018 19:57,21/04/2018 20:06,108,1,1,4,21/04/2018 19:14,1.0,1,2018-04-21
2018-04-21 20:00:00,9.0,rat,21/04/2018 19:57,21/04/2018 20:06,130,1,0,4,21/04/2018 19:14,1.0,1,2018-04-21
2018-04-21 20:05:00,54.0,pick_and_others,21/04/2018 19:57,21/04/2018 20:06,474,1,1,4,21/04/2018 19:14,1.0,1,2018-04-21
2018-04-21 22:57:00,1.0,fast,21/04/2018 22:57,21/04/2018 22:59,7,0,1,4,21/04/2018 19:14,3.5,1,2018-04-21
2018-04-21 22:57:00,25.0,pick,21/04/2018 22:57,21/04/2018 22:59,22,0,1,4,21/04/2018 19:14,3.5,1,2018-04-21
2018-04-21 22:58:00,14.0,pick_and_others,21/04/2018 22:57,21/04/2018 22:59,88,1,1,4,21/04/2018 19:14,3.5,1,2018-04-21
2018-04-21 22:59:00,8.0,bat,21/04/2018 22:57,21/04/2018 22:59,97,1,0,4,21/04/2018 19:14,4.0,1,2018-04-21
2018-04-21 22:59:00,6.0,pick,21/04/2018 22:57,21/04/2018 22:59,102,0,1,4,21/04/2018 19:14,4.0,1,2018-04-21
2018-04-21 23:52:00,26.0,pick_and_others,21/04/2018 23:50,21/04/2018 23:56,112,1,1,4,21/04/2018 19:14,4.5,1,2018-04-21
2018-04-21 23:52:00,6.0,pick,21/04/2018 23:50,21/04/2018 23:56,126,0,1,4,21/04/2018 19:14,4.5,1,2018-04-21
2018-04-21 23:53:00,24.0,pick_and_bat,21/04/2018 23:50,21/04/2018 23:56,196,1,1,4,21/04/2018 19:14,4.5,1,2018-04-21
2018-04-21 23:54:00,1.0,fast,21/04/2018 23:50,21/04/2018 23:56,258,0,1,4,21/04/2018 19:14,4.5,1,2018-04-21
2018-04-21 23:55:00,19.0,fast,21/04/2018 23:50,21/04/2018 23:56,287,0,1,4,21/04/2018 19:14,4.5,1,2018-04-21
2018-04-22 01:25:00,3.0,fast,22/04/2018 1:25,22/04/2018 1:26,0,0,1,4,21/04/2018 19:14,6.0,1,2018-04-22
2018-04-22 01:25:00,6.0,pick,22/04/2018 1:25,22/04/2018 1:26,14,0,1,4,21/04/2018 19:14,6.0,1,2018-04-22
2018-04-22 01:26:00,1.0,fast,22/04/2018 1:25,22/04/2018 1:26,48,0,1,4,21/04/2018 19:14,6.0,1,2018-04-22
2018-04-22 01:49:00,7.0,bats,22/04/2018 1:48,22/04/2018 1:50,28,1,0,4,21/04/2018 19:14,6.5,1,2018-04-22
2018-04-22 01:49:00,1.0,pick,22/04/2018 1:48,22/04/2018 1:50,59,0,1,4,21/04/2018 19:14,6.5,1,2018-04-22
2018-04-22 01:50:00,16.0,bats,22/04/2018 1:48,22/04/2018 1:50,109,1,0,4,21/04/2018 19:14,6.5,1,2018-04-22
2018-04-22 02:13:00,11.0,pick,22/04/2018 2:13,22/04/2018 2:17,23,0,1,4,21/04/2018 19:14,7.0,1,2018-04-22
2018-04-22 02:15:00,18.0,pick,22/04/2018 2:13,22/04/2018 2:17,141,0,1,4,21/04/2018 19:14,7.0,1,2018-04-22
2018-04-22 02:16:00,2.0,pick,22/04/2018 2:13,22/04/2018 2:17,191,0,1,4,21/04/2018 19:14,7.0,1,2018-04-22
2018-04-22 03:36:00,2.0,fast,22/04/2018 3:31,22/04/2018 3:44,309,0,1,4,21/04/2018 19:14,8.5,1,2018-04-22
2018-04-22 03:39:00,1.0,fast,22/04/2018 3:31,22/04/2018 3:44,482,0,1,4,21/04/2018 19:14,8.5,1,2018-04-22
2018-04-22 03:39:00,7.0,pick,22/04/2018 3:31,22/04/2018 3:44,501,0,1,4,21/04/2018 19:14,8.5,1,2018-04-22
2018-04-22 03:42:00,6.0,pick,22/04/2018 3:31,22/04/2018 3:44,659,0,1,4,21/04/2018 19:14,8.5,1,2018-04-22
2018-04-22 03:43:00,5.0,fast,22/04/2018 3:31,22/04/2018 3:44,707,0,1,4,21/04/2018 19:14,8.5,1,2018-04-22
2018-04-22 03:43:00,2.0,fast,22/04/2018 3:31,22/04/2018 3:44,722,0,1,4,21/04/2018 19:14,8.5,1,2018-04-22
2018-04-22 03:43:00,23.0,bat_and_rat,22/04/2018 3:31,22/04/2018 3:44,734,1,0,4,21/04/2018 19:14,8.5,1,2018-04-22
2018-04-22 03:44:00,13.0,pick_and_rat,22/04/2018 3:31,22/04/2018 3:44,769,1,1,4,21/04/2018 19:14,8.5,1,2018-04-22
2018-04-22 05:27:00,2.0,fast,22/04/2018 5:21,22/04/2018 5:55,372,0,1,4,21/04/2018 19:14,10.0,1,2018-04-22
2018-04-18 05:19:00,1.0,fast,18/04/2018 5:15,18/04/2018 5:25,263,0,1,4,17/04/2018 19:11,10.0,1,2018-04-18
2018-04-28 19:08:00,0.025345863,fast,28/04/2018 19:08,28/04/2018 19:16,2,0,1,4,28/04/2018 19:19,-0.0,1,2018-04-28
2018-04-28 19:10:00,0.096196,fast,28/04/2018 19:08,28/04/2018 19:16,76,0,1,4,28/04/2018 19:19,-0.0,1,2018-04-28
2018-04-28 19:10:00,0.063701466,pick,28/04/2018 19:08,28/04/2018 19:16,91,0,1,4,28/04/2018 19:19,-0.0,1,2018-04-28
2018-04-28 20:39:00,0.094784549,fast,28/04/2018 20:37,28/04/2018 20:44,105,0,1,4,28/04/2018 19:19,1.5,1,2018-04-28
2018-04-28 20:44:00,0.014184241,rat,28/04/2018 20:37,28/04/2018 20:44,383,1,0,4,28/04/2018 19:19,1.5,1,2018-04-28
2018-04-28 21:30:00,9.0,rat,28/04/2018 21:30,28/04/2018 21:31,0,1,0,4,28/04/2018 19:19,2.0,1,2018-04-28
2018-04-28 21:31:00,28.0,rat_and_pick,28/04/2018 21:30,28/04/2018 21:31,46,1,1,4,28/04/2018 19:19,2.0,1,2018-04-28
2018-04-28 23:02:00,1.0,fast,28/04/2018 23:01,28/04/2018 23:12,85,0,1,4,28/04/2018 19:19,3.5,1,2018-04-28
2018-04-28 23:04:00,5.0,fast,28/04/2018 23:01,28/04/2018 23:12,188,0,1,4,28/04/2018 19:19,4.0,1,2018-04-28
2018-04-28 23:21:00,0.047647063,bat_fight,28/04/2018 23:21,28/04/2018 23:24,0,1,0,4,28/04/2018 19:19,4.0,1,2018-04-28
2018-04-28 23:22:00,0.090449811,rat,28/04/2018 23:21,28/04/2018 23:24,63,1,0,4,28/04/2018 19:19,4.0,1,2018-04-28
2018-04-28 23:23:00,3.0,fast,28/04/2018 23:21,28/04/2018 23:24,139,0,1,4,28/04/2018 19:19,4.0,1,2018-04-28
2018-04-28 23:24:00,14.0,pick,28/04/2018 23:21,28/04/2018 23:24,171,0,1,4,28/04/2018 19:19,4.0,1,2018-04-28
2018-04-29 00:22:00,17.0,rat,29/04/2018 0:22,29/04/2018 0:27,28,1,0,4,28/04/2018 19:19,5.0,1,2018-04-29
2018-04-29 00:23:00,20.0,rat,29/04/2018 0:22,29/04/2018 0:27,82,1,0,4,28/04/2018 19:19,5.0,1,2018-04-29
2018-04-29 00:25:00,0.099179779,rat,29/04/2018 0:22,29/04/2018 0:27,206,1,0,4,28/04/2018 19:19,5.0,1,2018-04-29
2018-04-29 00:27:00,11.0,pick,29/04/2018 0:22,29/04/2018 0:27,309,0,1,4,28/04/2018 19:19,5.0,1,2018-04-29
2018-04-29 00:55:00,2.0,fast,29/04/2018 0:55,29/04/2018 0:56,8,0,1,4,28/04/2018 19:19,5.5,1,2018-04-29
2018-04-29 00:55:00,0.043720185,rat,29/04/2018 0:55,29/04/2018 0:56,11,1,0,4,28/04/2018 19:19,5.5,1,2018-04-29
2018-04-29 01:03:00,2.0,rat,29/04/2018 1:02,29/04/2018 1:06,47,1,0,4,28/04/2018 19:19,5.5,1,2018-04-29
2018-04-29 01:03:00,6.0,rat,29/04/2018 1:02,29/04/2018 1:06,66,1,0,4,28/04/2018 19:19,5.5,1,2018-04-29
2018-04-29 01:03:00,5.0,rat_and_bat,29/04/2018 1:02,29/04/2018 1:06,78,1,0,4,28/04/2018 19:19,5.5,1,2018-04-29
2018-04-29 01:03:00,3.0,fast,29/04/2018 1:02,29/04/2018 1:06,87,0,1,4,28/04/2018 19:19,5.5,1,2018-04-29
2018-04-29 01:04:00,0.069546705,rat,29/04/2018 1:02,29/04/2018 1:06,132,1,0,4,28/04/2018 19:19,6.0,1,2018-04-29
2018-04-29 01:04:00,0.035887407,bat,29/04/2018 1:02,29/04/2018 1:06,143,1,0,4,28/04/2018 19:19,6.0,1,2018-04-29
2018-04-29 01:05:00,5.0,pick,29/04/2018 1:02,29/04/2018 1:06,172,0,1,4,28/04/2018 19:19,6.0,1,2018-04-29
2018-04-29 01:05:00,6.0,fast,29/04/2018 1:02,29/04/2018 1:06,182,0,1,4,28/04/2018 19:19,6.0,1,2018-04-29
2018-04-29 01:05:00,0.087634798,fast,29/04/2018 1:02,29/04/2018 1:06,206,0,1,4,28/04/2018 19:19,6.0,1,2018-04-29
2018-04-29 01:05:00,3.0,fast,29/04/2018 1:02,29/04/2018 1:06,211,0,1,4,28/04/2018 19:19,6.0,1,2018-04-29
2018-04-29 01:20:00,0.038141769,pick,29/04/2018 1:19,29/04/2018 1:24,5,0,1,4,28/04/2018 19:19,6.0,1,2018-04-29
2018-04-29 01:20:00,0.09694048,bat_and_pick_far,29/04/2018 1:19,29/04/2018 1:24,38,1,1,4,28/04/2018 19:19,6.0,1,2018-04-29
2018-04-29 01:20:00,2.0,fast,29/04/2018 1:19,29/04/2018 1:24,58,0,1,4,28/04/2018 19:19,6.0,1,2018-04-29
2018-04-29 01:21:00,2.0,fast,29/04/2018 1:19,29/04/2018 1:24,119,0,1,4,28/04/2018 19:19,6.0,1,2018-04-29
2018-04-29 01:43:00,4.0,fast,29/04/2018 1:41,29/04/2018 1:51,105,0,1,4,28/04/2018 19:19,6.5,1,2018-04-29
2018-04-29 01:44:00,5.0,pick,29/04/2018 1:41,29/04/2018 1:51,180,0,1,4,28/04/2018 19:19,6.5,1,2018-04-29
2018-04-29 01:44:00,3.0,fast,29/04/2018 1:41,29/04/2018 1:51,187,0,1,4,28/04/2018 19:19,6.5,1,2018-04-29
2018-04-29 01:45:00,5.0,pick,29/04/2018 1:41,29/04/2018 1:51,247,0,1,4,28/04/2018 19:19,6.5,1,2018-04-29
2018-04-29 01:46:00,0.020820512,fast,29/04/2018 1:41,29/04/2018 1:51,252,0,1,4,28/04/2018 19:19,6.5,1,2018-04-29
2018-04-29 01:48:00,9.0,bat,29/04/2018 1:41,29/04/2018 1:51,419,1,0,4,28/04/2018 19:19,6.5,1,2018-04-29
2018-04-29 01:49:00,1.0,fast_far,29/04/2018 1:41,29/04/2018 1:51,436,0,1,4,28/04/2018 19:19,6.5,1,2018-04-29
2018-04-29 01:51:00,21.0,pick,29/04/2018 1:41,29/04/2018 1:51,572,0,1,4,28/04/2018 19:19,6.5,1,2018-04-29
2018-04-29 01:51:00,4.0,bat,29/04/2018 1:41,29/04/2018 1:51,592,1,0,4,28/04/2018 19:19,6.5,1,2018-04-29
2018-04-29 02:51:00,1.0,fast,29/04/2018 2:51,29/04/2018 3:06,36,0,1,4,28/04/2018 19:19,7.5,1,2018-04-29
2018-04-29 02:52:00,31.0,pick,29/04/2018 2:51,29/04/2018 3:06,80,0,1,4,28/04/2018 19:19,7.5,1,2018-04-29
2018-04-29 02:53:00,6.0,pick,29/04/2018 2:51,29/04/2018 3:06,169,0,1,4,28/04/2018 19:19,7.5,1,2018-04-29
2018-04-29 02:58:00,2.0,bat,29/04/2018 2:51,29/04/2018 3:06,452,1,0,4,28/04/2018 19:19,7.5,1,2018-04-29
2018-04-29 02:58:00,0.071250736,bat_and_pick,29/04/2018 2:51,29/04/2018 3:06,466,1,1,4,28/04/2018 19:19,7.5,1,2018-04-29
2018-04-29 02:59:00,4.0,pick,29/04/2018 2:51,29/04/2018 3:06,485,0,1,4,28/04/2018 19:19,7.5,1,2018-04-29
2018-04-29 02:59:00,7.0,pick,29/04/2018 2:51,29/04/2018 3:06,499,0,1,4,28/04/2018 19:19,7.5,1,2018-04-29
2018-04-29 03:04:00,3.0,fast,29/04/2018 2:51,29/04/2018 3:06,783,0,1,4,28/04/2018 19:19,8.0,1,2018-04-29
2018-04-29 03:06:00,0.014550835,pick_and_all,29/04/2018 2:51,29/04/2018 3:06,903,1,1,4,28/04/2018 19:19,8.0,1,2018-04-29
2018-04-29 03:34:00,2.0,bat,29/04/2018 3:33,29/04/2018 3:48,26,1,0,4,28/04/2018 19:19,8.5,1,2018-04-29
2018-04-29 03:34:00,12.0,pick,29/04/2018 3:33,29/04/2018 3:48,63,0,1,4,28/04/2018 19:19,8.5,1,2018-04-29
2018-04-29 03:40:00,0.025349973,bats,29/04/2018 3:33,29/04/2018 3:48,402,1,0,4,28/04/2018 19:19,8.5,1,2018-04-29
2018-04-29 03:45:00,0.094601342,rat,29/04/2018 3:33,29/04/2018 3:48,708,1,0,4,28/04/2018 19:19,8.5,1,2018-04-29
2018-04-29 03:46:00,26.0,rat_pick,29/04/2018 3:33,29/04/2018 3:48,740,1,1,4,28/04/2018 19:19,8.5,1,2018-04-29
2018-04-29 04:34:00,0.044300625,fast,29/04/2018 4:31,29/04/2018 4:37,192,0,1,4,28/04/2018 19:19,9.5,1,2018-04-29
2018-04-29 04:36:00,0.09536188,fast,29/04/2018 4:31,29/04/2018 4:37,315,0,1,4,28/04/2018 19:19,9.5,1,2018-04-29
2018-04-29 05:00:00,0.091074825,fast,29/04/2018 4:58,29/04/2018 5:00,109,0,1,4,28/04/2018 19:19,9.5,1,2018-04-29
2018-04-28 23:21:00,2.0,fast,28/04/2018 23:21,28/04/2018 23:24,44,0,1,4,28/04/2018 19:19,4.0,1,2018-04-28
2018-04-28 23:22:00,1.0,pick,28/04/2018 23:21,28/04/2018 23:24,60,0,1,4,28/04/2018 19:19,4.0,1,2018-04-28
2018-04-29 02:52:00,1.0,fast,29/04/2018 2:51,29/04/2018 3:06,66,0,1,4,28/04/2018 19:19,7.5,1,2018-04-29
2018-04-29 03:06:00,2.0,fight,29/04/2018 2:51,29/04/2018 3:06,902,0,0,4,28/04/2018 19:19,8.0,1,2018-04-29
2018-04-29 20:43:00,0.017597713,fast,29/04/2018 20:37,29/04/2018 20:53,389,0,1,4,29/04/2018 19:19,1.5,1,2018-04-29
2018-04-29 20:48:00,0.032534418,fast,29/04/2018 20:37,29/04/2018 20:53,695,0,1,4,29/04/2018 19:19,1.5,1,2018-04-29
2018-04-29 20:49:00,4.0,fast,29/04/2018 20:37,29/04/2018 20:53,710,0,1,4,29/04/2018 19:19,1.5,1,2018-04-29
2018-04-29 20:50:00,14.0,bat_rat_pick,29/04/2018 20:37,29/04/2018 20:53,759,1,1,4,29/04/2018 19:19,1.5,1,2018-04-29
2018-04-29 22:53:00,20.0,rat_and_bat,29/04/2018 22:53,29/04/2018 23:06,4,1,0,4,29/04/2018 19:19,3.5,1,2018-04-29
2018-04-29 22:53:00,2.0,fast,29/04/2018 22:53,29/04/2018 23:06,9,0,1,4,29/04/2018 19:19,3.5,1,2018-04-29
2018-04-29 22:54:00,36.0,rat,29/04/2018 22:53,29/04/2018 23:06,67,1,0,4,29/04/2018 19:19,3.5,1,2018-04-29
2018-04-29 22:55:00,8.0,rat,29/04/2018 22:53,29/04/2018 23:06,144,1,0,4,29/04/2018 19:19,3.5,1,2018-04-29
2018-04-29 22:56:00,0.097800752,rat,29/04/2018 22:53,29/04/2018 23:06,184,1,0,4,29/04/2018 19:19,3.5,1,2018-04-29
2018-04-29 23:00:00,0.063312201,bat_fight,29/04/2018 22:53,29/04/2018 23:06,428,1,0,4,29/04/2018 19:19,3.5,1,2018-04-29
2018-04-29 23:01:00,18.0,bat_pick,29/04/2018 22:53,29/04/2018 23:06,490,1,1,4,29/04/2018 19:19,3.5,1,2018-04-29
2018-04-29 23:01:00,2.0,fast,29/04/2018 22:53,29/04/2018 23:06,521,0,1,4,29/04/2018 19:19,3.5,1,2018-04-29
2018-04-29 23:02:00,5.0,rat_and_pick,29/04/2018 22:53,29/04/2018 23:06,529,1,1,4,29/04/2018 19:19,3.5,1,2018-04-29
2018-04-29 23:06:00,0.078489345,fast,29/04/2018 22:53,29/04/2018 23:06,776,0,1,4,29/04/2018 19:19,4.0,1,2018-04-29
2018-04-30 01:30:00,22.0,pick_bat,30/04/2018 1:26,30/04/2018 1:44,239,1,1,4,29/04/2018 19:19,6.0,1,2018-04-30
2018-04-30 01:31:00,46.0,pick_bat,30/04/2018 1:26,30/04/2018 1:44,257,1,1,4,29/04/2018 19:19,6.0,1,2018-04-30
2018-04-30 01:31:00,9.0,pick_bat,30/04/2018 1:26,30/04/2018 1:44,290,1,1,4,29/04/2018 19:19,6.0,1,2018-04-30
2018-04-30 01:31:00,4.0,fast,30/04/2018 1:26,30/04/2018 1:44,304,0,1,4,29/04/2018 19:19,6.0,1,2018-04-30
2018-04-30 01:32:00,0.085746166,rat_pick,30/04/2018 1:26,30/04/2018 1:44,315,1,1,4,29/04/2018 19:19,6.0,1,2018-04-30
2018-04-30 01:32:00,4.0,pick,30/04/2018 1:26,30/04/2018 1:44,323,0,1,4,29/04/2018 19:19,6.0,1,2018-04-30
2018-04-30 01:33:00,0.040027684,rat,30/04/2018 1:26,30/04/2018 1:44,407,1,0,4,29/04/2018 19:19,6.0,1,2018-04-30
2018-04-30 01:37:00,0.076567662,fast,30/04/2018 1:26,30/04/2018 1:44,633,0,1,4,29/04/2018 19:19,6.5,1,2018-04-30
2018-04-30 01:40:00,0.072746343,bat_and_rat,30/04/2018 1:26,30/04/2018 1:44,800,1,0,4,29/04/2018 19:19,6.5,1,2018-04-30
2018-04-30 01:40:00,0.055695432,bat_and_rat,30/04/2018 1:26,30/04/2018 1:44,808,1,0,4,29/04/2018 19:19,6.5,1,2018-04-30
2018-04-30 01:40:00,33.0,bat_and_rat,30/04/2018 1:26,30/04/2018 1:44,816,1,0,4,29/04/2018 19:19,6.5,1,2018-04-30
2018-04-30 01:40:00,39.0,pick_and_bat,30/04/2018 1:26,30/04/2018 1:44,844,1,1,4,29/04/2018 19:19,6.5,1,2018-04-30
2018-04-30 01:42:00,3.0,fast,30/04/2018 1:26,30/04/2018 1:44,925,0,1,4,29/04/2018 19:19,6.5,1,2018-04-30
2018-04-30 02:42:00,0.094277126,fast,30/04/2018 2:41,30/04/2018 2:55,63,0,1,4,29/04/2018 19:19,7.5,1,2018-04-30
2018-04-30 02:42:00,1.0,fast,30/04/2018 2:41,30/04/2018 2:55,91,0,1,4,29/04/2018 19:19,7.5,1,2018-04-30
2018-04-30 02:43:00,7.0,pick,30/04/2018 2:41,30/04/2018 2:55,162,0,1,4,29/04/2018 19:19,7.5,1,2018-04-30
2018-04-30 02:44:00,0.037865482,fast,30/04/2018 2:41,30/04/2018 2:55,191,0,1,4,29/04/2018 19:19,7.5,1,2018-04-30
2018-04-30 02:44:00,4.0,fast,30/04/2018 2:41,30/04/2018 2:55,222,0,1,4,29/04/2018 19:19,7.5,1,2018-04-30
2018-04-30 02:46:00,0.037828205,bat_and_pick,30/04/2018 2:41,30/04/2018 2:55,291,1,1,4,29/04/2018 19:19,7.5,1,2018-04-30
2018-04-30 02:46:00,22.0,bat_and_pick,30/04/2018 2:41,30/04/2018 2:55,288,1,1,4,29/04/2018 19:19,7.5,1,2018-04-30
2018-04-30 02:51:00,0.099086619,fast,30/04/2018 2:41,30/04/2018 2:55,624,0,1,4,29/04/2018 19:19,7.5,1,2018-04-30
2018-04-30 02:51:00,0.033212611,bat_and_pick,30/04/2018 2:41,30/04/2018 2:55,630,1,1,4,29/04/2018 19:19,7.5,1,2018-04-30
2018-04-30 02:55:00,0.096084094,bat_and_rat,30/04/2018 2:41,30/04/2018 2:55,878,1,0,4,29/04/2018 19:19,7.5,1,2018-04-30
2018-04-30 03:53:00,7.0,bat_and_pick,30/04/2018 3:43,30/04/2018 4:42,605,1,1,4,29/04/2018 19:19,8.5,1,2018-04-30
2018-04-30 03:54:00,6.0,pick,30/04/2018 3:43,30/04/2018 4:42,653,0,1,4,29/04/2018 19:19,8.5,1,2018-04-30
2018-04-30 01:34:00,5.0,rat_and_bat,30/04/2018 1:26,30/04/2018 1:44,445,1,0,4,29/04/2018 19:19,6.5,1,2018-04-30
2018-04-27 21:57:00,8.0,rat,27/04/2018 21:56,27/04/2018 22:00,47,1,0,4,27/04/2018 19:18,2.5,1,2018-04-27
2018-04-27 22:00:00,5.0,rat,27/04/2018 21:56,27/04/2018 22:00,199,1,0,4,27/04/2018 19:18,2.5,1,2018-04-27
2018-04-27 22:41:00,1.0,rat,27/04/2018 22:39,27/04/2018 22:41,127,1,0,4,27/04/2018 19:18,3.5,1,2018-04-27
2018-04-27 23:01:00,2.0,fast,27/04/2018 23:01,27/04/2018 23:12,18,0,1,4,27/04/2018 19:18,3.5,1,2018-04-27
2018-04-27 23:02:00,1.0,fast,27/04/2018 23:01,27/04/2018 23:12,79,0,1,4,27/04/2018 19:18,3.5,1,2018-04-27
2018-04-27 23:03:00,2.0,fast,27/04/2018 23:01,27/04/2018 23:12,105,0,1,4,27/04/2018 19:18,4.0,1,2018-04-27
2018-04-27 23:11:00,5.0,pick_and_others,27/04/2018 23:01,27/04/2018 23:12,576,1,1,4,27/04/2018 19:18,4.0,1,2018-04-27
2018-04-27 23:11:00,13.0,bats,27/04/2018 23:01,27/04/2018 23:12,592,1,0,4,27/04/2018 19:18,4.0,1,2018-04-27
2018-04-27 23:12:00,15.0,bats,27/04/2018 23:01,27/04/2018 23:12,623,1,0,4,27/04/2018 19:18,4.0,1,2018-04-27
2018-04-27 23:16:00,1.0,fast,27/04/2018 23:15,27/04/2018 23:17,35,0,1,4,27/04/2018 19:18,4.0,1,2018-04-27
2018-04-27 23:16:00,3.0,fast,27/04/2018 23:15,27/04/2018 23:17,74,0,1,4,27/04/2018 19:18,4.0,1,2018-04-27
2018-04-27 23:17:00,2.0,fast,27/04/2018 23:15,27/04/2018 23:17,120,0,1,4,27/04/2018 19:18,4.0,1,2018-04-27
2018-04-27 23:42:00,6.0,pick,27/04/2018 23:41,27/04/2018 23:43,23,0,1,4,27/04/2018 19:18,4.5,1,2018-04-27
2018-04-28 00:07:00,11.0,rat_and_pick,28/04/2018 0:04,28/04/2018 0:14,174,1,1,4,27/04/2018 19:18,5.0,1,2018-04-28
2018-04-28 00:10:00,3.0,rat,28/04/2018 0:04,28/04/2018 0:14,330,1,0,4,27/04/2018 19:18,5.0,1,2018-04-28
2018-04-28 00:10:00,6.0,pick,28/04/2018 0:04,28/04/2018 0:14,363,0,1,4,27/04/2018 19:18,5.0,1,2018-04-28
2018-04-28 00:10:00,5.0,bat_fight,28/04/2018 0:04,28/04/2018 0:14,365,1,0,4,27/04/2018 19:18,5.0,1,2018-04-28
2018-04-28 00:11:00,2.0,fast,28/04/2018 0:04,28/04/2018 0:14,373,0,1,4,27/04/2018 19:18,5.0,1,2018-04-28
2018-04-28 00:11:00,4.0,pick,28/04/2018 0:04,28/04/2018 0:14,401,0,1,4,27/04/2018 19:18,5.0,1,2018-04-28
2018-04-28 00:11:00,1.0,rat,28/04/2018 0:04,28/04/2018 0:14,408,1,0,4,27/04/2018 19:18,5.0,1,2018-04-28
2018-04-28 00:12:00,7.0,rat,28/04/2018 0:04,28/04/2018 0:14,434,1,0,4,27/04/2018 19:18,5.0,1,2018-04-28
2018-04-28 00:12:00,6.0,pick,28/04/2018 0:04,28/04/2018 0:14,449,0,1,4,27/04/2018 19:18,5.0,1,2018-04-28
2018-04-28 00:13:00,5.0,pick_and_rat,28/04/2018 0:04,28/04/2018 0:14,496,1,1,4,27/04/2018 19:18,5.0,1,2018-04-28
2018-04-28 00:13:00,18.0,pick,28/04/2018 0:04,28/04/2018 0:14,497,0,1,4,27/04/2018 19:18,5.0,1,2018-04-28
2018-04-28 00:13:00,3.0,fast,28/04/2018 0:04,28/04/2018 0:14,520,0,1,4,27/04/2018 19:18,5.0,1,2018-04-28
2018-04-28 00:13:00,10.0,bat_and_rat,28/04/2018 0:04,28/04/2018 0:14,544,1,0,4,27/04/2018 19:18,5.0,1,2018-04-28
2018-04-28 01:06:00,1.0,fast,28/04/2018 1:06,28/04/2018 1:07,19,0,1,4,27/04/2018 19:18,6.0,1,2018-04-28
2018-04-28 01:06:00,0.063724824,fast,28/04/2018 1:06,28/04/2018 1:07,35,0,1,4,27/04/2018 19:18,6.0,1,2018-04-28
2018-04-28 01:07:00,6.0,pick,28/04/2018 1:06,28/04/2018 1:07,74,0,1,4,27/04/2018 19:18,6.0,1,2018-04-28
2018-04-28 02:14:00,4.0,pick,28/04/2018 2:13,28/04/2018 2:14,90,0,1,4,27/04/2018 19:18,7.0,1,2018-04-28
2018-04-28 02:22:00,5.0,rat_disappear,28/04/2018 2:21,28/04/2018 2:23,60,1,0,4,27/04/2018 19:18,7.0,1,2018-04-28
2018-04-28 02:22:00,0.026148246,fast,28/04/2018 2:21,28/04/2018 2:23,90,0,1,4,27/04/2018 19:18,7.0,1,2018-04-28
2018-04-28 02:49:00,7.0,pick_and_bat,28/04/2018 2:47,28/04/2018 2:51,120,1,1,4,27/04/2018 19:18,7.5,1,2018-04-28
2018-04-28 02:49:00,7.0,pick,28/04/2018 2:47,28/04/2018 2:51,128,0,1,4,27/04/2018 19:18,7.5,1,2018-04-28
2018-04-28 02:50:00,0.08833199,fast,28/04/2018 2:47,28/04/2018 2:51,139,0,1,4,27/04/2018 19:18,7.5,1,2018-04-28
2018-04-28 02:50:00,8.0,pick,28/04/2018 2:47,28/04/2018 2:51,170,0,1,4,27/04/2018 19:18,7.5,1,2018-04-28
2018-04-28 02:50:00,28.0,pick_and_others,28/04/2018 2:47,28/04/2018 2:51,195,1,1,4,27/04/2018 19:18,7.5,1,2018-04-28
2018-04-28 02:51:00,6.0,pick,28/04/2018 2:47,28/04/2018 2:51,211,0,1,4,27/04/2018 19:18,7.5,1,2018-04-28
2018-04-28 03:25:00,15.0,rat_and_bat,28/04/2018 3:24,28/04/2018 3:25,31,1,0,4,27/04/2018 19:18,8.0,1,2018-04-28
2018-04-28 03:25:00,2.0,fast,28/04/2018 3:24,28/04/2018 3:25,45,0,1,4,27/04/2018 19:18,8.0,1,2018-04-28
2018-04-28 03:36:00,3.0,fast,28/04/2018 3:33,28/04/2018 3:36,194,0,1,4,27/04/2018 19:18,8.5,1,2018-04-28
2018-04-28 03:51:00,3.0,fast,28/04/2018 3:48,28/04/2018 4:09,172,0,1,4,27/04/2018 19:18,8.5,1,2018-04-28
2018-04-28 05:16:00,17.0,rat,28/04/2018 5:14,28/04/2018 5:21,115,1,0,4,27/04/2018 19:18,10.0,1,2018-04-28
2018-04-28 05:20:00,1.0,pick,28/04/2018 5:14,28/04/2018 5:21,370,0,1,4,27/04/2018 19:18,10.0,1,2018-04-28
2018-04-28 05:55:00,3.0,fast,28/04/2018 5:55,28/04/2018 6:05,56,0,1,4,27/04/2018 19:18,10.5,1,2018-04-28
2018-04-19 00:19:00,7.0,pick,19/04/2018 0:18,19/04/2018 0:19,59,0,1,4,18/04/2018 19:12,5.0,1,2018-04-19
2018-04-19 01:15:00,3.0,fast,19/04/2018 1:12,19/04/2018 1:18,187,0,1,4,18/04/2018 19:12,6.0,1,2018-04-19
2018-04-19 04:31:00,8.0,rat,19/04/2018 4:28,19/04/2018 4:34,200,1,0,4,18/04/2018 19:12,9.5,1,2018-04-19
2018-04-19 04:32:00,1.0,fast,19/04/2018 4:28,19/04/2018 4:34,210,0,1,4,18/04/2018 19:12,9.5,1,2018-04-19
2018-04-19 04:33:00,5.0,pick,19/04/2018 4:28,19/04/2018 4:34,274,0,1,4,18/04/2018 19:12,9.5,1,2018-04-19
2018-04-19 04:33:00,14.0,pick,19/04/2018 4:28,19/04/2018 4:34,280,0,1,4,18/04/2018 19:12,9.5,1,2018-04-19
2018-04-30 21:15:00,2.0,rat,30/04/2018 21:14,30/04/2018 21:16,38,1,0,4,30/04/2018 19:20,2.0,1,2018-04-30
2018-04-30 21:16:00,2.0,bats,30/04/2018 21:14,30/04/2018 21:16,109,1,0,4,30/04/2018 19:20,2.0,1,2018-04-30
2018-04-30 21:33:00,50.0,bat_and_pick,30/04/2018 21:28,30/04/2018 21:33,299,1,1,4,30/04/2018 19:20,2.0,1,2018-04-30
2018-04-30 22:11:00,6.0,bat_fight,30/04/2018 22:08,30/04/2018 22:15,139,1,0,4,30/04/2018 19:20,3.0,1,2018-04-30
2018-04-30 22:12:00,11.0,pick,30/04/2018 22:08,30/04/2018 22:15,228,0,1,4,30/04/2018 19:20,3.0,1,2018-04-30
2018-04-30 22:15:00,13.0,bat,30/04/2018 22:08,30/04/2018 22:15,407,1,0,4,30/04/2018 19:20,3.0,1,2018-04-30
2018-04-30 22:40:00,32.0,rat,30/04/2018 22:34,30/04/2018 22:40,359,1,0,4,30/04/2018 19:20,3.5,1,2018-04-30
2018-04-30 23:07:00,36.0,pick,30/04/2018 23:07,30/04/2018 23:11,0,0,1,4,30/04/2018 19:20,4.0,1,2018-04-30
2018-04-30 23:29:00,4.0,bat_fight,30/04/2018 23:19,30/04/2018 23:32,616,1,0,4,30/04/2018 19:20,4.0,1,2018-04-30
2018-04-30 23:29:00,9.0,bat_fight,30/04/2018 23:19,30/04/2018 23:32,655,1,0,4,30/04/2018 19:20,4.0,1,2018-04-30
2018-04-30 23:30:00,12.0,bat_fight,30/04/2018 23:19,30/04/2018 23:32,673,1,0,4,30/04/2018 19:20,4.0,1,2018-04-30
2018-04-30 23:30:00,11.0,bat_pick,30/04/2018 23:19,30/04/2018 23:32,685,1,1,4,30/04/2018 19:20,4.0,1,2018-04-30
2018-04-30 23:31:00,2.0,fast,30/04/2018 23:19,30/04/2018 23:32,773,0,1,4,30/04/2018 19:20,4.0,1,2018-04-30
2018-04-22 19:38:00,5.0,bat,22/04/2018 19:38,22/04/2018 19:42,9,1,0,4,22/04/2018 19:14,0.5,1,2018-04-22
2018-04-22 19:41:00,2.0,fast,22/04/2018 19:38,22/04/2018 19:42,203,0,1,4,22/04/2018 19:14,0.5,1,2018-04-22
2018-04-23 00:11:00,7.0,pick,23/04/2018 0:08,23/04/2018 0:12,161,0,1,4,22/04/2018 19:14,5.0,1,2018-04-23
2018-04-23 00:12:00,2.0,pick,23/04/2018 0:08,23/04/2018 0:12,238,0,1,4,22/04/2018 19:14,5.0,1,2018-04-23
2018-04-23 00:46:00,5.0,fast,23/04/2018 0:45,23/04/2018 0:50,64,0,1,4,22/04/2018 19:14,5.5,1,2018-04-23
2018-04-23 00:48:00,4.0,pick,23/04/2018 0:45,23/04/2018 0:50,174,0,1,4,22/04/2018 19:14,5.5,1,2018-04-23
2018-04-23 00:49:00,4.0,pick,23/04/2018 0:45,23/04/2018 0:50,263,0,1,4,22/04/2018 19:14,5.5,1,2018-04-23
2018-04-23 00:49:00,16.0,pick,23/04/2018 0:45,23/04/2018 0:50,276,0,1,4,22/04/2018 19:14,5.5,1,2018-04-23
2018-04-23 01:08:00,1.0,fast,23/04/2018 1:07,23/04/2018 1:10,105,0,1,4,22/04/2018 19:14,6.0,1,2018-04-23
2018-04-23 01:10:00,2.0,fast,23/04/2018 1:07,23/04/2018 1:10,183,0,1,4,22/04/2018 19:14,6.0,1,2018-04-23
2018-04-23 01:41:00,3.0,pick,23/04/2018 1:41,23/04/2018 1:44,1,0,1,4,22/04/2018 19:14,6.5,1,2018-04-23
2018-04-23 00:47:00,4.0,pick,23/04/2018 0:45,23/04/2018 0:50,161,0,1,4,22/04/2018 19:14,5.5,1,2018-04-23
2018-04-25 19:25:00,30.0,pick_and_rat,25/04/2018 19:24,25/04/2018 19:32,57,1,1,4,25/04/2018 19:17,0.0,1,2018-04-25
2018-04-25 19:31:00,28.0,pick,25/04/2018 19:24,25/04/2018 19:32,433,0,1,4,25/04/2018 19:17,0.0,1,2018-04-25
2018-04-23 19:51:00,2.0,fast_and_pick,23/04/2018 19:51,23/04/2018 19:51,5,0,1,4,23/04/2018 19:15,0.5,1,2018-04-23
2018-04-20 19:22:00,1.0,fast,20/04/2018 19:18,20/04/2018 19:26,254,0,1,4,20/04/2018 19:13,0.0,1,2018-04-20
2018-04-20 19:25:00,5.0,fast,20/04/2018 19:18,20/04/2018 19:26,383,0,1,4,20/04/2018 19:13,0.0,1,2018-04-20
2018-04-20 19:25:00,0.039481249,fast,20/04/2018 19:18,20/04/2018 19:26,440,0,1,4,20/04/2018 19:13,0.0,1,2018-04-20
2018-04-20 21:11:00,37.0,rat,20/04/2018 21:05,20/04/2018 21:11,375,1,0,4,20/04/2018 19:13,2.0,1,2018-04-20
2018-04-20 21:22:00,2.0,fast,20/04/2018 21:20,20/04/2018 21:34,139,0,1,4,20/04/2018 19:13,2.0,1,2018-04-20
2018-04-20 21:24:00,25.0,pick,20/04/2018 21:20,20/04/2018 21:34,250,0,1,4,20/04/2018 19:13,2.0,1,2018-04-20
2018-04-20 21:27:00,37.0,pick,20/04/2018 21:20,20/04/2018 21:34,477,0,1,4,20/04/2018 19:13,2.0,1,2018-04-20
2018-04-20 21:59:00,2.0,pick,20/04/2018 21:59,20/04/2018 21:59,12,0,1,4,20/04/2018 19:13,3.0,1,2018-04-20
2018-04-21 00:49:00,1.0,pick,21/04/2018 0:49,21/04/2018 0:55,0,0,1,4,20/04/2018 19:13,5.5,1,2018-04-21
2018-04-21 00:50:00,28.0,bat_and_rat,21/04/2018 0:49,21/04/2018 0:55,107,1,0,4,20/04/2018 19:13,5.5,1,2018-04-21
2018-04-21 00:54:00,2.0,bat_fight,21/04/2018 0:49,21/04/2018 0:55,349,1,0,4,20/04/2018 19:13,5.5,1,2018-04-21
2018-04-21 00:55:00,0.071239584,fast,21/04/2018 0:49,21/04/2018 0:55,383,0,1,4,20/04/2018 19:13,5.5,1,2018-04-21
2018-04-21 01:44:00,11.0,rat,21/04/2018 1:43,21/04/2018 1:45,25,1,0,4,20/04/2018 19:13,6.5,1,2018-04-21
2018-04-21 02:08:00,5.0,bats,21/04/2018 2:06,21/04/2018 2:18,121,1,0,4,20/04/2018 19:13,7.0,1,2018-04-21
2018-04-21 02:09:00,0.033235649,fast,21/04/2018 2:06,21/04/2018 2:18,150,0,1,4,20/04/2018 19:13,7.0,1,2018-04-21
2018-04-21 02:09:00,3.0,pick,21/04/2018 2:06,21/04/2018 2:18,172,0,1,4,20/04/2018 19:13,7.0,1,2018-04-21
2018-04-21 02:14:00,15.0,rat,21/04/2018 2:06,21/04/2018 2:18,460,1,0,4,20/04/2018 19:13,7.0,1,2018-04-21
2018-04-21 02:15:00,1.0,fast,21/04/2018 2:06,21/04/2018 2:18,482,0,1,4,20/04/2018 19:13,7.0,1,2018-04-21
2018-04-21 02:16:00,1.0,rat,21/04/2018 2:06,21/04/2018 2:18,580,1,0,4,20/04/2018 19:13,7.0,1,2018-04-21
2018-04-21 02:16:00,17.0,rat,21/04/2018 2:06,21/04/2018 2:18,587,1,0,4,20/04/2018 19:13,7.0,1,2018-04-21
2018-04-21 02:17:00,0.0502264,fast,21/04/2018 2:06,21/04/2018 2:18,603,0,1,4,20/04/2018 19:13,7.0,1,2018-04-21
2018-04-21 02:17:00,4.0,bat_fight,21/04/2018 2:06,21/04/2018 2:18,619,1,0,4,20/04/2018 19:13,7.0,1,2018-04-21
2018-04-21 02:17:00,1.0,fight,21/04/2018 2:06,21/04/2018 2:18,621,0,0,4,20/04/2018 19:13,7.0,1,2018-04-21
2018-04-21 02:17:00,2.0,bat,21/04/2018 2:06,21/04/2018 2:18,628,1,0,4,20/04/2018 19:13,7.0,1,2018-04-21
2018-04-21 02:17:00,2.0,fast,21/04/2018 2:06,21/04/2018 2:18,638,0,1,4,20/04/2018 19:13,7.0,1,2018-04-21
2018-04-21 03:26:00,1.0,fast,21/04/2018 3:21,21/04/2018 3:26,261,0,1,4,20/04/2018 19:13,8.0,1,2018-04-21
2018-04-21 03:26:00,6.0,rat,21/04/2018 3:21,21/04/2018 3:26,279,1,0,4,20/04/2018 19:13,8.0,1,2018-04-21
2018-04-21 05:54:00,4.0,fast,21/04/2018 5:50,21/04/2018 6:09,285,0,1,4,20/04/2018 19:13,10.5,1,2018-04-21
2018-04-21 00:54:00,17.0,pick,21/04/2018 0:49,21/04/2018 0:55,336,0,1,4,20/04/2018 19:13,5.5,1,2018-04-21
2018-05-06 23:55:00,4.0,rat,6/05/2018 23:44,6/05/2018 23:55,629,1,0,5,6/05/2018 19:24,4.5,1,2018-05-06
2018-05-07 03:16:00,10.0,bat_fight,7/05/2018 3:12,7/05/2018 3:16,234,1,0,5,6/05/2018 19:24,8.0,1,2018-05-07
2018-05-07 03:45:00,23.0,rat,7/05/2018 3:38,7/05/2018 3:54,423,1,0,5,6/05/2018 19:24,8.5,1,2018-05-07
2018-05-07 04:28:00,2.0,rat,7/05/2018 4:25,7/05/2018 4:36,158,1,0,5,6/05/2018 19:24,9.0,1,2018-05-07
2018-05-07 04:44:00,42.0,rat,7/05/2018 4:43,7/05/2018 4:46,108,1,0,5,6/05/2018 19:24,9.5,1,2018-05-07
2018-05-07 05:32:00,10.0,pick,7/05/2018 5:30,7/05/2018 5:42,149,0,1,5,6/05/2018 19:24,10.0,1,2018-05-07
2018-05-07 05:33:00,2.0,rat,7/05/2018 5:30,7/05/2018 5:42,187,1,0,5,6/05/2018 19:24,10.0,1,2018-05-07
2018-05-07 03:16:00,30.0,bat_fight_rat,7/05/2018 3:12,7/05/2018 3:16,221,1,0,5,6/05/2018 19:24,8.0,1,2018-05-07
2018-05-07 04:29:00,50.0,rat_pick,7/05/2018 4:25,7/05/2018 4:36,252,1,1,5,6/05/2018 19:24,9.0,1,2018-05-07
2018-05-09 01:39:00,31.0,pick,9/05/2018 1:35,9/05/2018 1:39,230,0,1,5,8/05/2018 19:26,6.0,1,2018-05-09
2018-05-09 02:33:00,3.0,bat_rat,9/05/2018 2:33,9/05/2018 2:39,10,1,0,5,8/05/2018 19:26,7.0,1,2018-05-09
2018-05-09 02:34:00,2.0,fast,9/05/2018 2:33,9/05/2018 2:39,61,0,1,5,8/05/2018 19:26,7.0,1,2018-05-09
2018-05-09 02:35:00,1.0,fast,9/05/2018 2:33,9/05/2018 2:39,132,0,1,5,8/05/2018 19:26,7.0,1,2018-05-09
2018-05-09 02:35:00,4.0,pick,9/05/2018 2:33,9/05/2018 2:39,137,0,1,5,8/05/2018 19:26,7.0,1,2018-05-09
2018-05-09 02:35:00,5.0,pick,9/05/2018 2:33,9/05/2018 2:39,144,0,1,5,8/05/2018 19:26,7.0,1,2018-05-09
2018-05-09 02:38:00,21.0,pick,9/05/2018 2:33,9/05/2018 2:39,318,0,1,5,8/05/2018 19:26,7.0,1,2018-05-09
2018-05-09 02:39:00,7.0,pick,9/05/2018 2:33,9/05/2018 2:39,367,0,1,5,8/05/2018 19:26,7.0,1,2018-05-09
2018-05-09 02:39:00,23.0,pick,9/05/2018 2:33,9/05/2018 2:39,378,0,1,5,8/05/2018 19:26,7.0,1,2018-05-09
2018-05-09 03:23:00,1.0,fast,9/05/2018 3:21,9/05/2018 3:30,78,0,1,5,8/05/2018 19:26,8.0,1,2018-05-09
2018-05-09 03:29:00,8.0,rat,9/05/2018 3:21,9/05/2018 3:30,483,1,0,5,8/05/2018 19:26,8.0,1,2018-05-09
2018-05-09 03:30:00,8.0,rat,9/05/2018 3:21,9/05/2018 3:30,530,1,0,5,8/05/2018 19:26,8.0,1,2018-05-09
2018-05-01 19:09:00,4.0,pick,1/05/2018 18:58,1/05/2018 19:17,618,0,1,5,1/05/2018 19:21,-0.0,1,2018-05-01
2018-05-01 19:10:00,1.0,fast,1/05/2018 18:58,1/05/2018 19:17,703,0,1,5,1/05/2018 19:21,-0.0,1,2018-05-01
2018-05-01 19:14:00,1.0,fast,1/05/2018 18:58,1/05/2018 19:17,939,0,1,5,1/05/2018 19:21,-0.0,1,2018-05-01
2018-05-01 21:28:00,1.0,fast,1/05/2018 21:27,1/05/2018 21:38,62,0,1,5,1/05/2018 19:21,2.0,1,2018-05-01
2018-05-01 21:34:00,1.0,fast,1/05/2018 21:27,1/05/2018 21:38,443,0,1,5,1/05/2018 19:21,2.0,1,2018-05-01
2018-05-01 22:11:00,4.0,pup_and_mon,1/05/2018 22:06,1/05/2018 22:11,275,0,0,5,1/05/2018 19:21,3.0,1,2018-05-01
2018-05-01 23:12:00,23.0,pick,1/05/2018 23:08,1/05/2018 23:12,261,0,1,5,1/05/2018 19:21,4.0,1,2018-05-01
2018-05-01 23:56:00,10.0,pick,1/05/2018 23:54,2/05/2018 0:00,130,0,1,5,1/05/2018 19:21,4.5,1,2018-05-01
2018-05-02 00:47:00,2.0,pick,2/05/2018 0:46,2/05/2018 0:58,10,0,1,5,1/05/2018 19:21,5.5,1,2018-05-02
2018-05-02 00:47:00,19.0,rat,2/05/2018 0:46,2/05/2018 0:58,12,1,0,5,1/05/2018 19:21,5.5,1,2018-05-02
2018-05-02 00:49:00,1.0,fast,2/05/2018 0:46,2/05/2018 0:58,142,0,1,5,1/05/2018 19:21,5.5,1,2018-05-02
2018-05-02 00:51:00,2.0,bat_fight,2/05/2018 0:46,2/05/2018 0:58,253,1,0,5,1/05/2018 19:21,5.5,1,2018-05-02
2018-05-02 00:51:00,6.0,bat_and_rat,2/05/2018 0:46,2/05/2018 0:58,280,1,0,5,1/05/2018 19:21,5.5,1,2018-05-02
2018-05-02 00:53:00,20.0,pick_bat_rat,2/05/2018 0:46,2/05/2018 0:58,396,1,1,5,1/05/2018 19:21,5.5,1,2018-05-02
2018-05-02 00:53:00,22.0,pick,2/05/2018 0:46,2/05/2018 0:58,408,0,1,5,1/05/2018 19:21,5.5,1,2018-05-02
2018-05-02 00:54:00,7.0,pick,2/05/2018 0:46,2/05/2018 0:58,433,0,1,5,1/05/2018 19:21,5.5,1,2018-05-02
2018-05-02 00:57:00,4.0,rat,2/05/2018 0:46,2/05/2018 0:58,627,1,0,5,1/05/2018 19:21,5.5,1,2018-05-02
2018-05-02 01:35:00,2.0,rat,2/05/2018 1:34,2/05/2018 1:36,99,1,0,5,1/05/2018 19:21,6.0,1,2018-05-02
2018-05-02 02:20:00,0.010871342,bat,2/05/2018 2:14,2/05/2018 2:24,404,1,0,5,1/05/2018 19:21,7.0,1,2018-05-02
2018-05-02 02:21:00,4.0,bat,2/05/2018 2:14,2/05/2018 2:24,449,1,0,5,1/05/2018 19:21,7.0,1,2018-05-02
2018-05-02 02:22:00,6.0,bat,2/05/2018 2:14,2/05/2018 2:24,481,1,0,5,1/05/2018 19:21,7.0,1,2018-05-02
2018-05-02 02:52:00,30.0,pick,2/05/2018 2:45,2/05/2018 2:52,394,0,1,5,1/05/2018 19:21,7.5,1,2018-05-02
2018-05-02 03:51:00,1.0,fast,2/05/2018 3:50,2/05/2018 3:51,23,0,1,5,1/05/2018 19:21,8.5,1,2018-05-02
2018-05-02 04:22:00,23.0,rat_pick,2/05/2018 4:14,2/05/2018 4:27,489,1,1,5,1/05/2018 19:21,9.0,1,2018-05-02
2018-05-02 05:09:00,0.019932178,fast,2/05/2018 5:07,2/05/2018 5:10,110,0,1,5,1/05/2018 19:21,10.0,1,2018-05-02
2018-05-02 00:51:00,22.0,bat_fight,2/05/2018 0:46,2/05/2018 0:58,296,1,0,5,1/05/2018 19:21,5.5,1,2018-05-02
2018-05-02 02:22:00,7.0,bat,2/05/2018 2:14,2/05/2018 2:24,507,1,0,5,1/05/2018 19:21,7.0,1,2018-05-02
2018-05-08 01:03:00,4.0,rat,8/05/2018 1:02,8/05/2018 1:03,78,1,0,5,7/05/2018 19:25,5.5,1,2018-05-08
2018-05-08 02:33:00,2.0,fast,8/05/2018 2:33,8/05/2018 2:35,48,0,1,5,7/05/2018 19:25,7.0,1,2018-05-08
2018-05-08 02:35:00,7.0,pick,8/05/2018 2:33,8/05/2018 2:35,123,0,1,5,7/05/2018 19:25,7.0,1,2018-05-08
2018-05-08 02:35:00,5.0,rat,8/05/2018 2:33,8/05/2018 2:35,161,1,0,5,7/05/2018 19:25,7.0,1,2018-05-08
2018-05-10 03:13:00,3.0,fast,10/05/2018 3:13,10/05/2018 3:17,31,0,1,5,9/05/2018 19:26,8.0,1,2018-05-10
2018-05-10 04:44:00,3.0,rat,10/05/2018 4:43,10/05/2018 4:48,29,1,0,5,9/05/2018 19:26,9.5,1,2018-05-10
2018-05-10 04:44:00,44.0,rat_and_pick,10/05/2018 4:43,10/05/2018 4:48,66,1,1,5,9/05/2018 19:26,9.5,1,2018-05-10
2018-05-10 22:09:00,4.0,fast,10/05/2018 22:08,10/05/2018 22:13,15,0,1,5,10/05/2018 19:27,2.5,1,2018-05-10
2018-05-10 22:10:00,1.0,fast,10/05/2018 22:08,10/05/2018 22:13,105,0,1,5,10/05/2018 19:27,2.5,1,2018-05-10
2018-05-10 22:12:00,7.0,rat,10/05/2018 22:08,10/05/2018 22:13,218,1,0,5,10/05/2018 19:27,3.0,1,2018-05-10
2018-05-10 22:12:00,24.0,rat,10/05/2018 22:08,10/05/2018 22:13,228,1,0,5,10/05/2018 19:27,3.0,1,2018-05-10
2018-05-10 23:57:00,22.0,rat,10/05/2018 23:55,11/05/2018 0:02,87,1,0,5,10/05/2018 19:27,4.5,1,2018-05-10
2018-05-11 02:45:00,2.0,rat,11/05/2018 2:35,11/05/2018 2:47,627,1,0,5,10/05/2018 19:27,7.5,1,2018-05-11
2018-05-11 02:46:00,21.0,pick_and_rat,11/05/2018 2:35,11/05/2018 2:47,670,1,1,5,10/05/2018 19:27,7.5,1,2018-05-11
2018-05-11 02:47:00,8.0,pick_and_rat,11/05/2018 2:35,11/05/2018 2:47,705,1,1,5,10/05/2018 19:27,7.5,1,2018-05-11
2018-05-11 04:30:00,8.0,rat,11/05/2018 4:25,11/05/2018 4:36,331,1,0,5,10/05/2018 19:27,9.0,1,2018-05-11
2018-05-17 22:46:00,1.0,fast,17/05/2018 22:41,17/05/2018 22:48,247,0,1,5,17/05/2018 19:32,3.0,1,2018-05-17
2018-05-17 22:46:00,9.0,rat,17/05/2018 22:41,17/05/2018 22:48,252,1,0,5,17/05/2018 19:32,3.0,1,2018-05-17
2018-05-17 22:48:00,4.0,rat_pick,17/05/2018 22:41,17/05/2018 22:48,383,1,1,5,17/05/2018 19:32,3.5,1,2018-05-17
2018-05-17 23:49:00,3.0,bat_and_rat,17/05/2018 23:49,17/05/2018 23:58,28,1,0,5,17/05/2018 19:32,4.5,1,2018-05-17
2018-05-17 23:50:00,1.0,rat,17/05/2018 23:49,17/05/2018 23:58,54,1,0,5,17/05/2018 19:32,4.5,1,2018-05-17
2018-05-17 23:55:00,11.0,rat_bat,17/05/2018 23:49,17/05/2018 23:58,348,1,0,5,17/05/2018 19:32,4.5,1,2018-05-17
2018-05-17 23:55:00,34.0,rat,17/05/2018 23:49,17/05/2018 23:58,378,1,0,5,17/05/2018 19:32,4.5,1,2018-05-17
2018-05-17 23:58:00,16.0,rat_pick,17/05/2018 23:49,17/05/2018 23:58,529,1,1,5,17/05/2018 19:32,4.5,1,2018-05-17
2018-05-19 22:08:00,31.0,rat_pick,19/05/2018 22:06,19/05/2018 22:08,126,1,1,5,19/05/2018 19:33,2.5,1,2018-05-19
2018-05-20 21:52:00,8.0,rat,20/05/2018 21:42,20/05/2018 22:11,624,1,0,5,20/05/2018 19:34,2.5,1,2018-05-20
2018-05-21 00:56:00,35.0,rat_pick,21/05/2018 0:48,21/05/2018 0:57,455,1,1,5,20/05/2018 19:34,5.5,1,2018-05-21
2018-05-21 02:54:00,26.0,rat_pick,21/05/2018 2:49,21/05/2018 2:57,271,1,1,5,20/05/2018 19:34,7.5,1,2018-05-21
2018-05-21 02:57:00,43.0,rat_bat_fight,21/05/2018 2:49,21/05/2018 2:57,455,1,0,5,20/05/2018 19:34,7.5,1,2018-05-21
2018-05-21 00:53:00,34.0,fight_rat,21/05/2018 0:48,21/05/2018 0:57,300,1,0,5,20/05/2018 19:34,5.5,1,2018-05-21
2018-05-17 03:26:00,14.0,rat,17/05/2018 3:24,17/05/2018 3:26,111,1,0,5,16/05/2018 19:31,8.0,1,2018-05-17
2018-05-01 00:06:00,36.0,bat_and_rat,1/05/2018 0:06,1/05/2018 0:09,0,1,0,5,30/04/2018 19:20,5.0,1,2018-05-01
2018-05-01 00:06:00,4.0,fast,1/05/2018 0:06,1/05/2018 0:09,16,0,1,5,30/04/2018 19:20,5.0,1,2018-05-01
2018-05-01 00:06:00,19.0,bat_fight,1/05/2018 0:06,1/05/2018 0:09,41,1,0,5,30/04/2018 19:20,5.0,1,2018-05-01
2018-05-01 00:07:00,4.0,bat_fight,1/05/2018 0:06,1/05/2018 0:09,50,1,0,5,30/04/2018 19:20,5.0,1,2018-05-01
2018-05-01 00:08:00,14.0,rat,1/05/2018 0:06,1/05/2018 0:09,134,1,0,5,30/04/2018 19:20,5.0,1,2018-05-01
2018-05-01 00:09:00,29.0,bat_fight,1/05/2018 0:06,1/05/2018 0:09,195,1,0,5,30/04/2018 19:20,5.0,1,2018-05-01
2018-05-01 00:29:00,0.095162728,fast,1/05/2018 0:28,1/05/2018 0:44,11,0,1,5,30/04/2018 19:20,5.0,1,2018-05-01
2018-05-01 00:32:00,3.0,fast,1/05/2018 0:28,1/05/2018 0:44,241,0,1,5,30/04/2018 19:20,5.0,1,2018-05-01
2018-05-01 00:33:00,0.042360901,fast,1/05/2018 0:28,1/05/2018 0:44,250,0,1,5,30/04/2018 19:20,5.0,1,2018-05-01
2018-05-01 00:33:00,2.0,fast,1/05/2018 0:28,1/05/2018 0:44,271,0,1,5,30/04/2018 19:20,5.0,1,2018-05-01
2018-05-01 00:33:00,3.0,bat,1/05/2018 0:28,1/05/2018 0:44,276,1,0,5,30/04/2018 19:20,5.0,1,2018-05-01
2018-05-01 00:33:00,2.0,fast,1/05/2018 0:28,1/05/2018 0:44,304,0,1,5,30/04/2018 19:20,5.0,1,2018-05-01
2018-05-01 00:34:00,8.0,bat_and_rat,1/05/2018 0:28,1/05/2018 0:44,352,1,0,5,30/04/2018 19:20,5.0,1,2018-05-01
2018-05-01 00:39:00,4.0,bat,1/05/2018 0:28,1/05/2018 0:44,649,1,0,5,30/04/2018 19:20,5.5,1,2018-05-01
2018-05-01 00:41:00,30.0,rat,1/05/2018 0:28,1/05/2018 0:44,733,1,0,5,30/04/2018 19:20,5.5,1,2018-05-01
2018-05-01 00:42:00,18.0,rat,1/05/2018 0:28,1/05/2018 0:44,819,1,0,5,30/04/2018 19:20,5.5,1,2018-05-01
2018-05-01 00:43:00,2.0,fast,1/05/2018 0:28,1/05/2018 0:44,889,0,1,5,30/04/2018 19:20,5.5,1,2018-05-01
2018-05-01 00:44:00,8.0,bat_fight,1/05/2018 0:28,1/05/2018 0:44,932,1,0,5,30/04/2018 19:20,5.5,1,2018-05-01
2018-05-01 00:44:00,52.0,bat_fight,1/05/2018 0:28,1/05/2018 0:44,938,1,0,5,30/04/2018 19:20,5.5,1,2018-05-01
2018-05-01 02:33:00,2.0,fast,1/05/2018 2:33,1/05/2018 2:37,1,0,1,5,30/04/2018 19:20,7.0,1,2018-05-01
2018-05-01 03:31:00,4.0,pick,1/05/2018 3:24,1/05/2018 3:33,386,0,1,5,30/04/2018 19:20,8.0,1,2018-05-01
2018-05-01 03:56:00,7.0,rat,1/05/2018 3:52,1/05/2018 3:59,257,1,0,5,30/04/2018 19:20,8.5,1,2018-05-01
2018-05-01 03:57:00,4.0,fast,1/05/2018 3:52,1/05/2018 3:59,295,0,1,5,30/04/2018 19:20,8.5,1,2018-05-01
2018-05-01 05:42:00,19.0,pick_rat_and_bat,1/05/2018 5:40,1/05/2018 5:43,125,1,1,5,30/04/2018 19:20,10.5,1,2018-05-01
2018-05-01 00:07:00,1.0,rat,1/05/2018 0:06,1/05/2018 0:09,62,1,0,5,30/04/2018 19:20,5.0,1,2018-05-01
2018-05-01 00:09:00,5.0,pick,1/05/2018 0:06,1/05/2018 0:09,210,0,1,5,30/04/2018 19:20,5.0,1,2018-05-01
2018-05-01 00:31:00,2.0,fast,1/05/2018 0:28,1/05/2018 0:44,177,0,1,5,30/04/2018 19:20,5.0,1,2018-05-01
2018-05-01 00:35:00,13.0,fast,1/05/2018 0:28,1/05/2018 0:44,377,0,1,5,30/04/2018 19:20,5.5,1,2018-05-01
2018-05-01 00:44:00,1.0,fast,1/05/2018 0:28,1/05/2018 0:44,915,0,1,5,30/04/2018 19:20,5.5,1,2018-05-01
2018-05-01 00:44:00,40.0,fight_bat,1/05/2018 0:28,1/05/2018 0:44,918,1,0,5,30/04/2018 19:20,5.5,1,2018-05-01
2018-05-13 22:40:00,8.0,rat_pick,13/05/2018 22:38,13/05/2018 22:40,118,1,1,5,13/05/2018 19:29,3.0,1,2018-05-13
2018-05-14 01:24:00,26.0,bat,14/05/2018 1:16,14/05/2018 1:30,482,1,0,5,13/05/2018 19:29,6.0,1,2018-05-14
2018-05-14 05:42:00,4.0,bat,14/05/2018 5:41,14/05/2018 5:43,11,1,0,5,13/05/2018 19:29,10.0,1,2018-05-14
2018-05-14 03:36:00,14.0,fast,14/05/2018 3:34,14/05/2018 3:45,140,0,1,5,13/05/2018 19:29,8.0,1,2018-05-14
2018-05-02 19:20:00,6.0,pick_rat,2/05/2018 19:15,2/05/2018 19:26,260,1,1,5,2/05/2018 19:21,-0.0,1,2018-05-02
2018-05-02 19:52:00,3.0,rat,2/05/2018 19:52,2/05/2018 19:55,9,1,0,5,2/05/2018 19:21,0.5,1,2018-05-02
2018-05-02 19:53:00,1.0,rat,2/05/2018 19:52,2/05/2018 19:55,51,1,0,5,2/05/2018 19:21,0.5,1,2018-05-02
2018-05-02 19:55:00,1.0,rat,2/05/2018 19:52,2/05/2018 19:55,146,1,0,5,2/05/2018 19:21,0.5,1,2018-05-02
2018-05-02 21:01:00,18.0,pick,2/05/2018 20:59,2/05/2018 21:06,89,0,1,5,2/05/2018 19:21,1.5,1,2018-05-02
2018-05-02 21:01:00,1.0,rat,2/05/2018 20:59,2/05/2018 21:06,124,1,0,5,2/05/2018 19:21,1.5,1,2018-05-02
2018-05-02 21:05:00,4.0,rat,2/05/2018 20:59,2/05/2018 21:06,317,1,0,5,2/05/2018 19:21,1.5,1,2018-05-02
2018-05-02 22:00:00,29.0,pick,2/05/2018 21:54,2/05/2018 22:01,348,0,1,5,2/05/2018 19:21,2.5,1,2018-05-02
2018-05-02 22:56:00,1.0,fast,2/05/2018 22:51,2/05/2018 22:57,293,0,1,5,2/05/2018 19:21,3.5,1,2018-05-02
2018-05-02 23:13:00,16.0,rat_and_pick,2/05/2018 23:13,2/05/2018 23:20,5,1,1,5,2/05/2018 19:21,4.0,1,2018-05-02
2018-05-02 23:20:00,1.0,fast,2/05/2018 23:13,2/05/2018 23:20,451,0,1,5,2/05/2018 19:21,4.0,1,2018-05-02
2018-05-02 23:59:00,56.0,pick,2/05/2018 23:53,3/05/2018 0:02,379,0,1,5,2/05/2018 19:21,4.5,1,2018-05-02
2018-05-03 03:29:00,13.0,rat,3/05/2018 3:21,3/05/2018 3:33,453,1,0,5,2/05/2018 19:21,8.0,1,2018-05-03
2018-05-03 03:30:00,1.0,rat_and_bat,3/05/2018 3:21,3/05/2018 3:33,566,1,0,5,2/05/2018 19:21,8.0,1,2018-05-03
2018-05-03 03:31:00,1.0,fast,3/05/2018 3:21,3/05/2018 3:33,625,0,1,5,2/05/2018 19:21,8.0,1,2018-05-03
2018-05-03 03:51:00,20.0,rat,3/05/2018 3:48,3/05/2018 3:53,137,1,0,5,2/05/2018 19:21,8.5,1,2018-05-03
2018-05-05 21:59:00,14.0,rat,5/05/2018 21:55,5/05/2018 22:09,264,1,0,5,5/05/2018 19:24,2.5,1,2018-05-05
2018-05-05 22:49:00,15.0,rat,5/05/2018 22:48,5/05/2018 22:49,90,1,0,5,5/05/2018 19:24,3.5,1,2018-05-05
2018-05-05 22:55:00,23.0,rat,5/05/2018 22:54,5/05/2018 23:00,44,1,0,5,5/05/2018 19:24,3.5,1,2018-05-05
2018-05-05 23:26:00,1.0,fast,5/05/2018 23:25,5/05/2018 23:26,62,0,1,5,5/05/2018 19:24,4.0,1,2018-05-05
2018-05-06 01:58:00,1.0,rat,6/05/2018 1:56,6/05/2018 2:10,116,1,0,5,5/05/2018 19:24,6.5,1,2018-05-06
2018-05-06 01:58:00,3.0,rat,6/05/2018 1:56,6/05/2018 2:10,118,1,0,5,5/05/2018 19:24,6.5,1,2018-05-06
2018-05-06 02:00:00,16.0,bat_fight,6/05/2018 1:56,6/05/2018 2:10,202,1,0,5,5/05/2018 19:24,6.5,1,2018-05-06
2018-05-06 02:00:00,27.0,bat_fight_and_rat,6/05/2018 1:56,6/05/2018 2:10,210,1,0,5,5/05/2018 19:24,6.5,1,2018-05-06
2018-05-06 02:01:00,0.092315438,rat,6/05/2018 1:56,6/05/2018 2:10,270,1,0,5,5/05/2018 19:24,6.5,1,2018-05-06
2018-05-06 02:07:00,16.0,rat,6/05/2018 1:56,6/05/2018 2:10,657,1,0,5,5/05/2018 19:24,6.5,1,2018-05-06
2018-05-06 02:09:00,5.0,rat,6/05/2018 1:56,6/05/2018 2:10,783,1,0,5,5/05/2018 19:24,7.0,1,2018-05-06
2018-05-06 03:16:00,12.0,pick_bat,6/05/2018 3:10,6/05/2018 3:16,377,1,1,5,5/05/2018 19:24,8.0,1,2018-05-06
2018-05-06 03:39:00,1.0,fast,6/05/2018 3:30,6/05/2018 3:46,536,0,1,5,5/05/2018 19:24,8.5,1,2018-05-06
2018-05-06 03:39:00,1.0,rat,6/05/2018 3:30,6/05/2018 3:46,557,1,0,5,5/05/2018 19:24,8.5,1,2018-05-06
2018-05-06 03:40:00,2.0,fast,6/05/2018 3:30,6/05/2018 3:46,581,0,1,5,5/05/2018 19:24,8.5,1,2018-05-06
2018-05-06 03:42:00,12.0,rat,6/05/2018 3:30,6/05/2018 3:46,721,1,0,5,5/05/2018 19:24,8.5,1,2018-05-06
2018-05-06 03:42:00,1.0,fast,6/05/2018 3:30,6/05/2018 3:46,733,0,1,5,5/05/2018 19:24,8.5,1,2018-05-06
2018-05-06 03:42:00,3.0,fast,6/05/2018 3:30,6/05/2018 3:46,737,0,1,5,5/05/2018 19:24,8.5,1,2018-05-06
2018-05-06 03:43:00,50.0,rat_pick,6/05/2018 3:30,6/05/2018 3:46,802,1,1,5,5/05/2018 19:24,8.5,1,2018-05-06
2018-05-06 03:46:00,1.0,fast,6/05/2018 3:30,6/05/2018 3:46,935,0,1,5,5/05/2018 19:24,8.5,1,2018-05-06
2018-05-06 04:32:00,37.0,rat_and_rat,6/05/2018 4:29,6/05/2018 4:32,188,1,0,5,5/05/2018 19:24,9.0,1,2018-05-06
2018-05-06 05:07:00,1.0,fast,6/05/2018 4:54,6/05/2018 5:11,737,0,1,5,5/05/2018 19:24,9.5,1,2018-05-06
2018-05-06 05:07:00,5.0,rat,6/05/2018 4:54,6/05/2018 5:11,756,1,0,5,5/05/2018 19:24,9.5,1,2018-05-06
2018-05-06 05:08:00,8.0,pick,6/05/2018 4:54,6/05/2018 5:11,808,0,1,5,5/05/2018 19:24,9.5,1,2018-05-06
2018-05-06 05:28:00,19.0,rat,6/05/2018 5:26,6/05/2018 5:28,91,1,0,5,5/05/2018 19:24,10.0,1,2018-05-06
2018-05-04 20:25:00,6.0,rat,4/05/2018 20:24,4/05/2018 20:25,54,1,0,5,4/05/2018 19:23,1.0,1,2018-05-04
2018-05-04 20:44:00,10.0,pick,4/05/2018 20:39,4/05/2018 21:04,275,0,1,5,4/05/2018 19:23,1.5,1,2018-05-04
2018-05-04 20:50:00,17.0,pick_rat,4/05/2018 20:39,4/05/2018 21:04,645,1,1,5,4/05/2018 19:23,1.5,1,2018-05-04
2018-05-04 22:26:00,33.0,rat_pick,4/05/2018 22:24,4/05/2018 22:26,131,1,1,5,4/05/2018 19:23,3.0,1,2018-05-04
2018-05-04 22:33:00,8.0,pick,4/05/2018 22:32,4/05/2018 22:34,28,0,1,5,4/05/2018 19:23,3.0,1,2018-05-04
2018-05-04 22:33:00,1.0,fast,4/05/2018 22:32,4/05/2018 22:34,43,0,1,5,4/05/2018 19:23,3.0,1,2018-05-04
2018-05-04 23:36:00,16.0,rat,4/05/2018 23:33,4/05/2018 23:36,167,1,0,5,4/05/2018 19:23,4.0,1,2018-05-04
2018-05-05 01:02:00,14.0,rat,5/05/2018 0:50,5/05/2018 1:11,695,1,0,5,4/05/2018 19:23,5.5,1,2018-05-05
2018-05-05 01:03:00,19.0,pick,5/05/2018 0:50,5/05/2018 1:11,766,0,1,5,4/05/2018 19:23,5.5,1,2018-05-05
2018-05-05 02:02:00,2.0,fast,5/05/2018 2:02,5/05/2018 2:07,13,0,1,5,4/05/2018 19:23,6.5,1,2018-05-05
2018-05-05 02:05:00,46.0,rat_pick,5/05/2018 2:02,5/05/2018 2:07,172,1,1,5,4/05/2018 19:23,6.5,1,2018-05-05
2018-05-05 02:06:00,2.0,fast,5/05/2018 2:02,5/05/2018 2:07,233,0,1,5,4/05/2018 19:23,6.5,1,2018-05-05
2018-05-05 02:46:00,1.0,fast,5/05/2018 2:45,5/05/2018 2:47,81,0,1,5,4/05/2018 19:23,7.5,1,2018-05-05
2018-05-05 03:25:00,1.0,rat,5/05/2018 3:22,5/05/2018 3:29,179,1,0,5,4/05/2018 19:23,8.0,1,2018-05-05
2018-05-05 03:26:00,18.0,rat,5/05/2018 3:22,5/05/2018 3:29,237,1,0,5,4/05/2018 19:23,8.0,1,2018-05-05
2018-05-05 03:49:00,35.0,pick,5/05/2018 3:47,5/05/2018 3:49,117,0,1,5,4/05/2018 19:23,8.5,1,2018-05-05
2018-05-05 04:40:00,38.0,rat,5/05/2018 4:31,5/05/2018 4:49,537,1,0,5,4/05/2018 19:23,9.5,1,2018-05-05
2018-05-03 19:11:00,1.0,rat,3/05/2018 18:58,3/05/2018 19:25,790,1,0,5,3/05/2018 19:22,-0.0,1,2018-05-03
2018-05-03 19:12:00,39.0,rat_and_pick,3/05/2018 18:58,3/05/2018 19:25,844,1,1,5,3/05/2018 19:22,-0.0,1,2018-05-03
2018-05-03 19:14:00,4.0,rat,3/05/2018 18:58,3/05/2018 19:25,930,1,0,5,3/05/2018 19:22,-0.0,1,2018-05-03
2018-05-03 20:58:00,0.042337019,rat,3/05/2018 20:57,3/05/2018 21:07,40,1,0,5,3/05/2018 19:22,1.5,1,2018-05-03
2018-05-03 23:49:00,22.0,rat_and_bat_and_pick,3/05/2018 23:46,3/05/2018 23:52,200,1,1,5,3/05/2018 19:22,4.5,1,2018-05-03
2018-05-03 23:50:00,29.0,bat,3/05/2018 23:46,3/05/2018 23:52,260,1,0,5,3/05/2018 19:22,4.5,1,2018-05-03
2018-05-03 23:51:00,28.0,pick,3/05/2018 23:46,3/05/2018 23:52,326,0,1,5,3/05/2018 19:22,4.5,1,2018-05-03
2018-05-04 00:12:00,5.0,rat,4/05/2018 0:09,4/05/2018 0:30,153,1,0,5,3/05/2018 19:22,5.0,1,2018-05-04
2018-05-04 00:22:00,18.0,rat,4/05/2018 0:09,4/05/2018 0:30,764,1,0,5,3/05/2018 19:22,5.0,1,2018-05-04
2018-05-04 00:22:00,20.0,rat,4/05/2018 0:09,4/05/2018 0:30,774,1,0,5,3/05/2018 19:22,5.0,1,2018-05-04
2018-05-04 01:57:00,0.018395555,rat,4/05/2018 1:57,4/05/2018 2:07,9,1,0,5,3/05/2018 19:22,6.5,1,2018-05-04
2018-05-04 02:04:00,4.0,fast,4/05/2018 1:57,4/05/2018 2:07,385,0,1,5,3/05/2018 19:22,6.5,1,2018-05-04
2018-05-04 02:06:00,11.0,bat,4/05/2018 1:57,4/05/2018 2:07,505,1,0,5,3/05/2018 19:22,6.5,1,2018-05-04
2018-05-04 02:06:00,4.0,fast,4/05/2018 1:57,4/05/2018 2:07,519,0,1,5,3/05/2018 19:22,6.5,1,2018-05-04
2018-05-04 02:06:00,10.0,pick,4/05/2018 1:57,4/05/2018 2:07,555,0,1,5,3/05/2018 19:22,6.5,1,2018-05-04
2018-05-04 02:57:00,36.0,bat_fight,4/05/2018 2:55,4/05/2018 3:14,106,1,0,5,3/05/2018 19:22,7.5,1,2018-05-04
2018-05-04 02:58:00,10.0,bat_fight,4/05/2018 2:55,4/05/2018 3:14,142,1,0,5,3/05/2018 19:22,7.5,1,2018-05-04
2018-05-04 02:58:00,1.0,fast,4/05/2018 2:55,4/05/2018 3:14,164,0,1,5,3/05/2018 19:22,7.5,1,2018-05-04
2018-05-04 03:00:00,5.0,pick,4/05/2018 2:55,4/05/2018 3:14,248,0,1,5,3/05/2018 19:22,7.5,1,2018-05-04
2018-05-04 03:03:00,45.0,rat,4/05/2018 2:55,4/05/2018 3:14,484,1,0,5,3/05/2018 19:22,7.5,1,2018-05-04
2018-05-04 03:05:00,0.062233499,fast,4/05/2018 2:55,4/05/2018 3:14,547,0,1,5,3/05/2018 19:22,7.5,1,2018-05-04
2018-05-04 03:05:00,6.0,pick_bat,4/05/2018 2:55,4/05/2018 3:14,593,1,1,5,3/05/2018 19:22,7.5,1,2018-05-04
2018-05-04 03:06:00,8.0,pick,4/05/2018 2:55,4/05/2018 3:14,620,0,1,5,3/05/2018 19:22,7.5,1,2018-05-04
2018-05-04 03:06:00,5.0,rat,4/05/2018 2:55,4/05/2018 3:14,636,1,0,5,3/05/2018 19:22,7.5,1,2018-05-04
2018-05-04 03:09:00,8.0,rat,4/05/2018 2:55,4/05/2018 3:14,810,1,0,5,3/05/2018 19:22,8.0,1,2018-05-04
2018-05-04 03:20:00,4.0,rat,4/05/2018 3:20,4/05/2018 3:21,23,1,0,5,3/05/2018 19:22,8.0,1,2018-05-04
2018-05-04 04:18:00,2.0,rat,4/05/2018 4:14,4/05/2018 4:30,224,1,0,5,3/05/2018 19:22,9.0,1,2018-05-04
2018-05-04 04:18:00,1.0,fast,4/05/2018 4:14,4/05/2018 4:30,275,0,1,5,3/05/2018 19:22,9.0,1,2018-05-04
2018-05-04 04:19:00,22.0,pick,4/05/2018 4:14,4/05/2018 4:30,310,0,1,5,3/05/2018 19:22,9.0,1,2018-05-04
2018-05-03 23:51:00,2.0,fast,3/05/2018 23:46,3/05/2018 23:52,339,0,1,5,3/05/2018 19:22,4.5,1,2018-05-03
