date,hours_after_sunset,risk,reward,bat_landing_to_food,habit,seconds_after_rat_arrival,season,food_availability,rat_arrival_number,bat_landing_number
2017-12-30,2.0,1,0,16.0,rat,108,0,3.955857385,0.0,20.0
2017-12-30,3.0,0,1,0.074015603,fast,17,0,3.067911715,1.0,37.0
2017-12-30,3.0,0,1,4.0,fast,41,0,3.067911715,1.0,37.0
2017-12-30,3.0,1,0,10.0,rat,111,0,3.067911715,1.0,37.0
2017-12-30,3.0,1,0,15.0,rat,194,0,3.067911715,1.0,37.0
2017-12-30,3.0,1,0,24.0,rat,215,0,3.067911715,1.0,37.0
2017-12-30,3.0,1,0,13.0,rat,253,0,3.067911715,1.0,37.0
2017-12-26,4.5,1,0,15.0,rat,88,0,2.561403509,1.0,53.0
2017-12-26,4.5,0,1,6.0,pick,113,0,2.561403509,1.0,53.0
2017-12-26,4.5,0,1,3.0,fast,121,0,2.561403509,1.0,53.0
2017-12-26,4.5,0,1,5.0,pick,128,0,2.561403509,1.0,53.0
2017-12-26,4.5,0,1,6.0,pick,153,0,2.561403509,1.0,53.0
2017-12-26,4.5,1,0,10.0,rat,208,0,2.561403509,1.0,53.0
2017-12-26,4.5,1,0,1.0,bat_fight,216,0,2.561403509,1.0,53.0
2017-12-27,9.0,1,0,2.0,rat_and_no_food,37,0,0.0,1.0,13.0
2017-12-28,3.0,0,1,1.0,fast,14,0,3.07696661,1.0,23.0
2017-12-28,3.0,1,0,2.0,rat,40,0,3.07696661,1.0,23.0
2017-12-28,3.0,1,0,26.0,rat,68,0,3.07696661,1.0,23.0
2017-12-28,3.0,1,0,5.0,rat_and_others,521,0,3.07696661,1.0,23.0
2017-12-28,3.0,1,1,15.0,pick_and_others,564,0,3.07696661,1.0,23.0
2017-12-28,3.0,1,0,24.0,rat,607,0,3.07696661,1.0,23.0
2017-12-28,11.5,0,1,2.0,fast,107,0,0.730769231,1.0,11.0
2017-12-28,11.5,0,1,2.0,fast,358,0,0.730769231,1.0,11.0
2018-01-27,6.5,0,1,0.049410419,fast,12,0,2.55,1.0,64.0
2018-01-27,6.5,0,1,1.0,fast,14,0,2.55,1.0,64.0
2018-01-27,6.5,1,0,6.0,rat,49,0,2.55,1.0,64.0
2018-01-27,6.5,0,1,3.0,fast,68,0,2.55,1.0,64.0
2018-01-27,6.5,1,0,8.0,rat,84,0,2.55,1.0,64.0
2018-01-27,6.5,1,0,31.0,rat,122,0,2.55,1.0,64.0
2018-01-27,6.5,0,1,0.010695699,fast,186,0,2.55,1.0,64.0
2018-01-27,6.5,0,1,2.0,fast,231,0,2.55,1.0,64.0
2018-01-27,6.5,0,0,1.0,gaze,246,0,2.55,1.0,64.0
2018-01-27,6.5,0,1,9.0,pick,253,0,2.55,1.0,64.0
2018-01-27,6.5,0,1,6.0,pick,355,0,2.55,1.0,64.0
2018-01-28,11.0,0,1,11.0,pick,742,0,1.0,1.0,3.0
2018-01-01,9.0,0,1,2.0,fast,115,0,1.92688172,1.0,18.0
2018-01-31,2.5,1,0,3.0,rat,195,0,3.214285714,1.0,80.0
2018-01-31,5.0,0,1,1.0,fast,168,0,2.0,1.0,80.0
2018-01-10,11.5,1,0,1.0,rat,306,0,2.366666667,0.0,23.0
2018-01-28,3.0,0,1,1.0,fast,9,0,3.583333333,1.0,68.0
2018-01-28,3.0,1,0,1.0,rat,456,0,3.583333333,1.0,68.0
2018-01-28,3.0,1,0,0.035319187,rat,528,0,3.583333333,1.0,68.0
2018-01-28,3.0,1,0,1.0,rat,534,0,3.583333333,1.0,68.0
2018-01-28,3.0,1,1,7.0,pick_rat,545,0,3.583333333,1.0,68.0
2018-01-28,3.0,0,1,1.0,fast,551,0,3.583333333,1.0,68.0
2018-01-28,3.0,0,1,0.034803066,fast,569,0,3.583333333,1.0,68.0
2018-01-28,3.0,1,0,1.0,rat,583,0,3.583333333,1.0,68.0
2018-01-28,3.0,0,1,1.0,fast,589,0,3.583333333,1.0,68.0
2018-01-28,3.0,0,1,2.0,fast,627,0,3.583333333,1.0,68.0
2018-01-28,3.0,0,1,1.0,fast,631,0,3.583333333,1.0,68.0
2018-01-28,3.0,0,1,4.0,fast,642,0,3.583333333,1.0,68.0
2018-01-28,3.0,0,1,4.0,pick,720,0,3.583333333,1.0,68.0
2018-01-28,3.0,1,0,3.0,rat,824,0,3.583333333,1.0,68.0
2018-01-29,8.5,0,1,22.0,pick,225,0,1.151209677,0.0,55.0
2018-01-28,3.0,1,0,1.0,rat,162,0,3.583333333,1.0,68.0
2018-02-20,8.5,1,0,2.0,rat,151,0,2.0,2.0,46.0
2018-02-20,9.5,1,0,1.0,rat,17,0,1.822307272,1.0,30.0
2018-02-20,8.5,1,0,3.0,bat,116,0,2.0,2.0,46.0
2018-02-10,7.5,1,0,4.0,rat,22,0,1.025466893,1.0,51.0
2018-02-10,7.5,0,1,3.0,fast,96,0,1.025466893,1.0,51.0
2018-02-10,7.5,0,1,0.089216347,fast,18,0,1.025466893,1.0,51.0
2018-02-10,7.5,1,0,2.0,rat,56,0,1.025466893,1.0,51.0
2018-02-10,7.5,0,1,0.041390374,fast,65,0,1.025466893,1.0,51.0
2018-02-10,7.5,1,0,0.090143902,rat,81,0,1.025466893,1.0,51.0
2018-02-10,7.5,0,0,20.0,both,102,0,1.025466893,1.0,51.0
2018-02-10,7.5,1,0,2.0,rat,149,0,1.025466893,1.0,51.0
2018-02-10,7.5,1,0,7.0,bat,61,0,1.025466893,1.0,51.0
2018-02-10,7.5,1,1,21.0,pick_bat,65,0,1.025466893,1.0,51.0
2018-02-10,7.5,0,1,4.0,pick,68,0,1.025466893,1.0,51.0
2018-02-10,7.5,0,1,2.0,pick,80,0,1.025466893,1.0,51.0
2018-02-07,1.0,1,0,1.0,rat,166,0,4.0,5.0,29.0
2018-02-07,5.5,0,1,14.0,pick,299,0,2.050611791,2.0,65.0
2018-02-08,8.5,1,0,8.0,rat_attack,7,0,1.037351443,2.0,53.0
2018-02-08,8.5,0,1,1.0,fast,2,0,1.037351443,2.0,53.0
2018-02-08,9.0,1,0,6.0,rat,74,0,1.0,0.0,24.0
2018-02-08,9.0,1,0,1.0,rat,80,0,1.0,0.0,24.0
2018-02-08,9.0,1,0,7.0,rat,99,0,1.0,0.0,24.0
2018-02-08,9.0,1,0,4.0,rat,116,0,1.0,0.0,24.0
2018-02-08,9.0,1,0,4.0,rat,200,0,1.0,0.0,24.0
2018-02-08,10.5,1,0,0.035867953,rat,27,0,0.0,0.0,19.0
2018-02-02,7.5,0,1,2.0,fast,184,0,1.03198484,1.0,60.0
2018-02-02,7.5,1,0,1.0,rat,239,0,1.03198484,1.0,60.0
2018-02-09,7.0,0,1,3.0,fast,2,0,2.0,2.0,46.0
2018-02-09,7.0,1,0,1.0,rat,135,0,2.0,2.0,46.0
2018-02-09,7.0,0,1,17.0,pick,2,0,2.0,2.0,46.0
2018-02-09,7.0,1,0,1.0,rat,154,0,2.0,2.0,46.0
2018-02-09,10.0,1,0,1.0,rat,146,0,1.0,1.0,22.0
2018-02-09,10.0,1,0,21.0,rat,211,0,1.0,1.0,22.0
2018-02-09,10.0,0,1,9.0,pick,246,0,1.0,1.0,22.0
2018-02-13,10.5,1,0,1.0,rat,77,0,1.0,1.0,28.0
2018-02-13,10.5,0,1,3.0,fast,59,0,1.0,1.0,28.0
2018-02-14,4.5,1,0,1.0,rat,89,0,2.01843318,4.0,86.0
2018-02-14,4.5,1,0,2.0,rat,259,0,2.01843318,4.0,86.0
2018-02-14,5.0,1,0,4.0,rat,470,0,2.0,6.0,103.0
2018-02-14,5.5,1,0,2.0,rat,187,0,1.854262673,0.0,91.0
2018-02-14,5.5,1,0,1.0,rat,204,0,1.854262673,0.0,91.0
2018-02-14,5.5,1,0,2.0,rat,420,0,1.854262673,0.0,91.0
2018-02-14,5.5,1,0,9.0,rat,434,0,1.854262673,0.0,91.0
2018-02-14,5.5,1,0,0.061201372,rat,512,0,1.854262673,0.0,91.0
2018-02-14,5.5,1,0,1.0,rat,518,0,1.854262673,0.0,91.0
2018-02-14,10.0,0,1,31.0,pick,499,0,0.0,2.0,10.0
2018-02-14,12.0,1,0,1.0,rat,225,0,0.0,1.0,12.0
2018-02-15,1.0,0,1,0.050105814,fast,54,0,4.0,5.0,29.0
2018-02-15,2.0,0,1,1.0,fast,30,0,3.322033898,1.0,51.0
2018-02-15,2.0,1,0,0.085595674,attack_rat,71,0,3.322033898,1.0,51.0
2018-02-15,1.5,1,0,6.0,bat,179,0,3.822307272,4.0,34.0
2018-02-15,1.5,0,1,6.0,pick,201,0,3.822307272,4.0,34.0
2018-02-15,1.5,1,0,1.0,rat,321,0,3.822307272,4.0,34.0
2018-02-04,1.5,1,0,3.0,bat_and_rat,77,0,3.933259177,3.0,83.0
2018-02-03,0.5,1,0,29.0,rat,22,0,3.949388209,1.0,34.0
2018-02-02,1.5,1,0,4.0,rat,3,0,4.0,0.0,45.0
2018-02-16,5.0,1,0,2.0,rat,25,0,3.0,0.0,65.0
2018-02-16,5.0,1,0,16.0,rat,181,0,3.0,0.0,65.0
2018-02-16,5.0,1,0,2.0,rat,201,0,3.0,0.0,65.0
2018-02-16,5.0,0,1,1.0,fast,206,0,3.0,0.0,65.0
2018-02-16,5.0,1,0,0.07570842,rat_attack,250,0,3.0,0.0,65.0
2018-02-19,7.0,0,1,0.057540536,fast,157,0,2.0,1.0,39.0
2018-02-19,8.0,1,0,3.0,rat,6,0,1.301587302,1.0,40.0
2018-02-10,4.0,1,0,5.0,rat,222,0,3.0,8.0,92.0
2018-02-10,4.0,1,0,1.0,rat,68,0,3.0,8.0,92.0
2018-02-10,4.0,1,0,2.0,rat,75,0,3.0,8.0,92.0
2018-02-10,4.5,1,0,1.0,rat,6,0,2.863978495,2.0,60.0
2018-02-10,4.5,1,0,4.0,rat,92,0,2.863978495,2.0,60.0
2018-02-10,4.5,1,0,13.0,rat,137,0,2.863978495,2.0,60.0
2018-02-10,4.5,1,0,1.0,rat,155,0,2.863978495,2.0,60.0
2018-02-10,4.5,0,1,2.0,fast,158,0,2.863978495,2.0,60.0
2018-02-10,4.5,1,0,1.0,rat,224,0,2.863978495,2.0,60.0
2018-02-11,7.0,1,0,1.0,rat,35,0,1.4,1.0,70.0
2018-02-11,8.0,0,1,5.0,pick,7,0,1.0,0.0,56.0
2018-02-11,8.5,1,0,0.04438061,rat,105,0,0.88320356,1.0,49.0
2018-02-11,8.5,1,0,3.0,rat,132,0,0.88320356,1.0,49.0
2018-02-11,8.5,0,1,1.0,fast,242,0,0.88320356,1.0,49.0
2018-02-11,8.5,0,1,6.0,fast,269,0,0.88320356,1.0,49.0
2018-02-11,8.5,1,0,24.0,rat,286,0,0.88320356,1.0,49.0
2018-02-10,2.0,0,1,0.097399911,fast,13,0,4.0,1.0,47.0
2018-02-17,3.5,1,0,2.0,rat,20,0,3.0,1.0,68.0
2018-02-17,3.5,1,0,1.0,rat,35,0,3.0,1.0,68.0
2018-02-17,3.5,1,0,2.0,rat,42,0,3.0,1.0,68.0
2018-02-17,0.0,0,1,0.050211363,fast,139,0,4.0,2.0,8.0
2018-03-18,4.0,0,1,3.0,fast,2,1,3.0,0.0,79.0
2018-03-18,4.0,0,1,2.0,fast,73,1,3.0,0.0,79.0
2018-03-18,4.0,0,1,1.0,fast,105,1,3.0,0.0,79.0
2018-03-18,4.0,0,1,2.0,fast,130,1,3.0,0.0,79.0
2018-03-29,6.0,0,1,4.0,pick,71,1,2.800105764,0.0,46.0
2018-03-29,6.0,1,0,0.046019395,rat,192,1,2.800105764,0.0,46.0
2018-03-29,6.0,0,1,9.0,pick,220,1,2.800105764,0.0,46.0
2018-03-29,6.0,0,1,18.0,pick,239,1,2.800105764,0.0,46.0
2018-03-29,6.0,1,0,14.0,rat,250,1,2.800105764,0.0,46.0
2018-03-29,6.0,0,1,3.0,fast,265,1,2.800105764,0.0,46.0
2018-03-29,6.0,1,0,12.0,rat,279,1,2.800105764,0.0,46.0
2018-03-29,6.0,0,1,15.0,pick,295,1,2.800105764,0.0,46.0
2018-03-29,6.0,0,1,2.0,fast,426,1,2.800105764,0.0,46.0
2018-03-29,6.0,1,0,34.0,rat,452,1,2.800105764,0.0,46.0
2018-03-29,6.0,1,0,11.0,rat,507,1,2.800105764,0.0,46.0
2018-03-29,7.5,0,1,0.013008356,fast,29,1,2.0,0.0,61.0
2018-03-29,7.5,0,1,2.0,fast,135,1,2.0,0.0,61.0
2018-03-29,7.5,1,0,2.0,rat,188,1,2.0,0.0,61.0
2018-03-29,7.5,1,0,0.028276798,rat,329,1,2.0,0.0,61.0
2018-03-20,8.5,1,1,4.0,rat_pick,46,1,2.423728814,0.0,28.0
2018-03-20,9.5,0,1,2.0,fast,108,1,2.0,0.0,16.0
2018-03-31,7.0,0,1,3.0,fast,537,1,0.779689297,0.0,28.0
2018-03-31,7.0,0,1,0.064154735,fast,572,1,0.779689297,0.0,28.0
2018-04-02,3.0,1,0,10.0,rat,381,1,2.774193548,1.0,98.0
2018-04-02,3.0,1,0,8.0,rat_and_bat,436,1,2.774193548,1.0,98.0
2018-04-02,3.0,0,1,2.0,fast,450,1,2.774193548,1.0,98.0
2018-04-02,3.0,1,0,6.0,rat_and_bat,455,1,2.774193548,1.0,98.0
2018-04-02,3.0,0,1,0.030293066,fast,558,1,2.774193548,1.0,98.0
2018-04-02,3.0,1,0,7.0,rat,662,1,2.774193548,1.0,98.0
2018-04-02,3.0,1,0,6.0,rat,673,1,2.774193548,1.0,98.0
2018-04-02,3.0,0,1,18.0,pick,668,1,2.774193548,1.0,98.0
2018-04-02,3.0,1,0,17.0,rat_and_bat,695,1,2.774193548,1.0,98.0
2018-04-02,4.0,0,1,1.0,fast,128,1,2.0,1.0,69.0
2018-04-02,4.5,0,1,6.0,pick,381,1,2.0,1.0,91.0
2018-04-02,4.5,0,1,2.0,fast,80,1,2.0,1.0,91.0
2018-04-02,4.5,0,1,1.0,fast,177,1,2.0,1.0,91.0
2018-04-02,4.5,1,0,11.0,other_bat,223,1,2.0,1.0,91.0
2018-04-02,5.0,0,1,3.0,fast,234,1,,,
2018-04-02,5.0,0,1,25.0,pick,239,1,,,
2018-04-02,5.0,1,0,3.0,rat,262,1,,,
2018-04-02,5.0,1,0,11.0,rat,287,1,,,
2018-04-02,5.0,0,1,15.0,pick,355,1,,,
2018-04-03,6.0,0,1,0.069936967,fast,53,1,1.758064516,1.0,67.0
2018-04-03,6.0,0,1,1.0,fast,82,1,1.758064516,1.0,67.0
2018-04-03,6.0,0,1,1.0,fast,98,1,1.758064516,1.0,67.0
2018-04-03,6.0,0,1,4.0,pick,101,1,1.758064516,1.0,67.0
2018-04-03,6.0,1,0,0.036982956,rat,112,1,1.758064516,1.0,67.0
2018-04-03,6.0,1,0,1.0,rat,120,1,1.758064516,1.0,67.0
2018-04-03,6.0,0,1,2.0,fast,128,1,1.758064516,1.0,67.0
2018-04-03,6.0,0,1,4.0,fast,180,1,1.758064516,1.0,67.0
2018-04-03,6.0,1,0,3.0,rat,232,1,1.758064516,1.0,67.0
2018-04-03,6.0,0,1,3.0,fast,435,1,1.758064516,1.0,67.0
2018-04-03,6.0,0,1,6.0,fast,612,1,1.758064516,1.0,67.0
2018-04-03,6.0,0,1,1.0,fast,708,1,1.758064516,1.0,67.0
2018-04-03,6.0,1,0,9.0,rat,777,1,1.758064516,1.0,67.0
2018-04-03,6.0,1,0,23.0,rat,806,1,1.758064516,1.0,67.0
2018-04-03,2.5,0,1,3.0,fast,90,1,3.0,1.0,77.0
2018-04-03,2.5,0,1,3.0,fast,376,1,3.0,1.0,77.0
2018-04-03,2.5,0,1,2.0,fast,452,1,3.0,1.0,77.0
2018-04-03,4.5,0,1,2.0,fast,12,1,2.295081967,1.0,82.0
2018-04-03,4.5,1,0,9.0,rat,31,1,2.295081967,1.0,82.0
2018-04-03,4.5,0,1,4.0,fast,58,1,2.295081967,1.0,82.0
2018-04-03,4.5,1,0,5.0,rat,187,1,2.295081967,1.0,82.0
2018-04-03,4.5,1,0,4.0,rat,197,1,2.295081967,1.0,82.0
2018-04-03,4.5,0,1,1.0,fast,224,1,2.295081967,1.0,82.0
2018-04-03,4.5,1,0,48.0,rat,312,1,2.295081967,1.0,82.0
2018-04-03,4.5,0,1,3.0,fast,312,1,2.295081967,1.0,82.0
2018-04-03,4.5,1,0,0.010238211,rat_to_bat,402,1,2.295081967,1.0,82.0
2018-04-03,4.5,0,1,2.0,fast,597,1,2.295081967,1.0,82.0
2018-04-03,4.5,1,0,2.0,rat,949,1,2.295081967,1.0,82.0
2018-04-04,6.0,1,0,3.0,rat,12,1,2.0,0.0,69.0
2018-04-04,6.0,0,1,4.0,fast,25,1,2.0,0.0,69.0
2018-04-04,6.0,1,0,22.0,other_bats/rat,59,1,2.0,0.0,69.0
2018-04-04,6.0,0,1,2.0,fast,97,1,2.0,0.0,69.0
2018-04-04,6.0,0,1,2.0,fast,112,1,2.0,0.0,69.0
2018-04-04,6.0,1,0,59.0,rat,165,1,2.0,0.0,69.0
2018-04-04,6.0,0,1,4.0,fast,217,1,2.0,0.0,69.0
2018-04-04,6.0,1,0,1.0,rat,357,1,2.0,0.0,69.0
2018-04-04,6.0,1,0,14.0,rat,418,1,2.0,0.0,69.0
2018-04-04,6.0,0,1,1.0,fast,624,1,2.0,0.0,69.0
2018-04-26,2.0,1,0,6.0,rat,22,1,3.0,1.0,84.0
2018-04-26,2.0,1,0,2.0,bat_and_rat,29,1,3.0,1.0,84.0
2018-04-26,2.0,1,1,8.0,bat_and_pick,45,1,3.0,1.0,84.0
2018-04-26,2.0,1,0,5.0,bat_and_rat,66,1,3.0,1.0,84.0
2018-04-26,2.0,1,0,2.0,bat_fight,76,1,3.0,1.0,84.0
2018-04-26,2.0,1,0,15.0,bat_fight,88,1,3.0,1.0,84.0
2018-04-26,2.0,1,1,4.0,bat_fight_and_pick,101,1,3.0,1.0,84.0
2018-04-26,3.0,1,0,15.0,bat,16,1,3.0,2.0,79.0
2018-04-26,3.0,1,1,18.0,bat_and_pick,33,1,3.0,2.0,79.0
2018-04-26,3.0,0,1,3.0,pick,65,1,3.0,2.0,79.0
2018-04-26,3.0,1,1,13.0,bat_and_pick,81,1,3.0,2.0,79.0
2018-04-26,3.0,1,1,14.0,bat_and_pick,81,1,3.0,2.0,79.0
2018-04-26,3.0,1,1,10.0,bat_and_pick,92,1,3.0,2.0,79.0
2018-04-26,3.0,1,0,7.0,bat_and_rat,126,1,3.0,2.0,79.0
2018-04-26,3.0,0,1,3.0,pick,202,1,3.0,2.0,79.0
2018-04-26,3.0,0,1,1.0,fast,215,1,3.0,2.0,79.0
2018-04-26,3.0,1,0,23.0,bat,274,1,3.0,2.0,79.0
2018-04-26,3.0,0,1,4.0,pick,318,1,3.0,2.0,79.0
2018-04-26,3.0,1,1,5.0,pick_and_bat,322,1,3.0,2.0,79.0
2018-04-26,3.0,0,1,3.0,fast,326,1,3.0,2.0,79.0
2018-04-26,3.0,0,1,2.0,fast,340,1,3.0,2.0,79.0
2018-04-26,3.0,1,1,55.0,bat_and_pick,343,1,3.0,2.0,79.0
2018-04-26,3.5,0,1,3.0,fast,392,1,3.0,1.0,62.0
2018-04-26,3.5,1,0,2.0,bat_fight,594,1,3.0,1.0,62.0
2018-04-26,3.5,1,0,2.0,bat_fight,602,1,3.0,1.0,62.0
2018-04-26,3.5,1,0,1.0,rat,613,1,3.0,1.0,62.0
2018-04-26,3.5,1,1,18.0,pick_and_others,635,1,3.0,1.0,62.0
2018-04-26,4.0,0,1,0.028315379,fast,22,1,3.0,0.0,57.0
2018-04-26,4.0,1,1,6.0,pick_and_bat,37,1,3.0,0.0,57.0
2018-04-26,4.0,1,0,9.0,bat,46,1,3.0,0.0,57.0
2018-04-26,4.0,0,1,2.0,fast,87,1,3.0,0.0,57.0
2018-04-26,4.0,0,1,8.0,pick,96,1,3.0,0.0,57.0
2018-04-26,4.0,0,1,6.0,pick,110,1,3.0,0.0,57.0
2018-04-26,4.0,0,1,6.0,pick,273,1,3.0,0.0,57.0
2018-04-26,4.0,0,1,0.039556377,fast,283,1,3.0,0.0,57.0
2018-04-27,5.0,1,1,7.0,bat_pick_rat,10,1,2.483870968,1.0,65.0
2018-04-27,5.0,0,1,4.0,fast,65,1,2.483870968,1.0,65.0
2018-04-27,5.0,1,0,0.02018894,rat,72,1,2.483870968,1.0,65.0
2018-04-27,5.0,1,0,47.0,bat_and_rat,91,1,2.483870968,1.0,65.0
2018-04-27,5.0,1,0,35.0,bat,129,1,2.483870968,1.0,65.0
2018-04-27,5.0,1,1,13.0,bat_and_pick,138,1,2.483870968,1.0,65.0
2018-04-27,5.0,1,1,12.0,bat_and_pick,164,1,2.483870968,1.0,65.0
2018-04-27,5.0,1,1,20.0,bat_and_pick,183,1,2.483870968,1.0,65.0
2018-04-27,5.0,1,1,9.0,bat_and_pick,187,1,2.483870968,1.0,65.0
2018-04-27,5.0,1,1,21.0,bat_and_pick,199,1,2.483870968,1.0,65.0
2018-04-27,5.0,1,0,1.0,rat,226,1,2.483870968,1.0,65.0
2018-04-27,5.0,0,1,6.0,pick,231,1,2.483870968,1.0,65.0
2018-04-27,6.0,1,1,15.0,bat_and_pick,76,1,2.0,1.0,89.0
2018-04-27,6.0,1,0,3.0,bat_fight,85,1,2.0,1.0,89.0
2018-04-27,6.0,0,1,8.0,pick,119,1,2.0,1.0,89.0
2018-04-27,6.0,0,1,10.0,pick,126,1,2.0,1.0,89.0
2018-04-27,6.0,0,1,15.0,pick,142,1,2.0,1.0,89.0
2018-04-27,6.0,1,1,26.0,pick_and_all,223,1,2.0,1.0,89.0
2018-04-27,7.0,1,0,0.050962883,rat_and_bat,7,1,1.475409836,4.0,31.0
2018-04-27,7.0,0,1,5.0,pick,47,1,1.475409836,4.0,31.0
2018-04-27,7.0,0,1,3.0,fast,140,1,1.475409836,4.0,31.0
2018-04-27,7.0,0,1,13.0,pick,246,1,1.475409836,4.0,31.0
2018-04-27,7.0,1,0,3.0,rat,318,1,1.475409836,4.0,31.0
2018-04-27,7.0,1,1,0.09619989,rat_pick_and_bat,366,1,1.475409836,4.0,31.0
2018-04-27,7.0,1,0,0.063771569,rat,368,1,1.475409836,4.0,31.0
2018-04-27,7.0,0,1,0.081091814,pick,537,1,1.475409836,4.0,31.0
2018-04-27,7.5,0,1,2.0,fast,62,1,1.055526177,2.0,28.0
2018-04-27,7.5,0,1,2.0,fast,660,1,1.055526177,2.0,28.0
2018-04-27,7.5,0,1,0.032779517,fast,784,1,1.055526177,2.0,28.0
2018-04-27,7.5,0,1,10.0,pick,811,1,1.055526177,2.0,28.0
2018-04-27,7.5,0,1,22.0,pick,825,1,1.055526177,2.0,28.0
2018-04-27,7.5,1,1,0.068238813,pick_and_bat,857,1,1.055526177,2.0,28.0
2018-04-27,7.5,1,1,11.0,pick_and_bat,908,1,1.055526177,2.0,28.0
2018-04-27,7.5,0,1,1.0,fast,17,1,1.055526177,2.0,28.0
2018-04-27,7.5,0,1,2.0,fast,22,1,1.055526177,2.0,28.0
2018-04-27,8.0,1,0,0.042707344,rat_and_bat,17,1,1.0,2.0,28.0
2018-04-27,8.0,0,1,13.0,pick,20,1,1.0,2.0,28.0
2018-04-27,8.0,1,0,0.043905767,bat_and_rat,33,1,1.0,2.0,28.0
2018-04-27,8.0,0,1,1.0,fast,99,1,1.0,2.0,28.0
2018-04-27,8.0,1,0,0.076705397,rat,142,1,1.0,2.0,28.0
2018-04-27,8.5,0,1,0.040958086,fast,38,1,1.0,3.0,15.0
2018-04-27,8.5,1,0,0.056999457,bat_and_rat,159,1,1.0,3.0,15.0
2018-04-27,8.5,1,0,0.099530937,bat,160,1,1.0,3.0,15.0
2018-04-27,8.5,1,0,0.014419381,bat,168,1,1.0,3.0,15.0
2018-04-27,8.5,0,1,3.0,pick,106,1,1.0,3.0,15.0
2018-04-27,9.0,0,1,5.0,pick,106,1,1.0,2.0,7.0
2018-04-27,9.5,1,1,0.040564984,pick_and_rat,445,1,1.0,3.0,6.0
2018-04-26,3.0,1,1,16.0,bat_and_pick,183,1,3.0,2.0,79.0
2018-04-26,4.0,0,1,0.044489486,fast,26,1,3.0,0.0,57.0
2018-04-26,4.0,1,0,2.0,fight_rat,34,1,3.0,0.0,57.0
2018-04-27,7.5,0,1,1.0,fast,570,1,1.055526177,2.0,28.0
2018-04-27,8.0,0,1,3.0,fast,140,1,1.0,2.0,28.0
2018-04-19,0.0,0,1,0.051207358,fast,75,1,3.878136201,1.0,15.0
2018-04-19,0.0,0,1,1.0,fast,167,1,3.878136201,1.0,15.0
2018-04-19,0.5,0,1,1.0,fast,230,1,3.188172043,0.0,34.0
2018-04-19,0.5,1,0,5.0,rat,547,1,3.188172043,0.0,34.0
2018-04-19,2.5,1,0,0.039785341,rat,220,1,3.0,0.0,8.0
2018-04-19,2.5,0,1,3.0,pick,487,1,3.0,0.0,8.0
2018-04-19,2.5,1,0,2.0,rat,493,1,3.0,0.0,8.0
2018-04-19,3.5,1,0,4.0,rat,22,1,3.0,1.0,38.0
2018-04-19,3.5,1,0,1.0,rat,472,1,3.0,1.0,38.0
2018-04-20,5.0,0,1,12.0,pick,185,1,3.0,3.0,44.0
2018-04-20,5.0,0,0,39.0,both,155,1,3.0,3.0,44.0
2018-04-20,5.0,1,0,14.0,rat,207,1,3.0,3.0,44.0
2018-04-20,5.0,1,0,5.0,rat,235,1,3.0,3.0,44.0
2018-04-20,5.0,1,0,0.016181067,rat,262,1,3.0,3.0,44.0
2018-04-20,5.0,1,0,29.0,rat_and_bat,295,1,3.0,3.0,44.0
2018-04-20,5.0,1,0,3.0,rat_and_bat,320,1,3.0,3.0,44.0
2018-04-20,5.0,1,0,18.0,rat_and_bat,341,1,3.0,3.0,44.0
2018-04-20,5.0,1,0,11.0,rat,508,1,3.0,3.0,44.0
2018-04-20,5.0,0,1,1.0,fast,579,1,3.0,3.0,44.0
2018-04-20,5.0,0,1,0.093784466,fast,673,1,3.0,3.0,44.0
2018-04-20,5.0,0,1,0.019265878,fast,697,1,3.0,3.0,44.0
2018-04-20,5.0,0,1,1.0,fast,711,1,3.0,3.0,44.0
2018-04-20,5.0,0,1,6.0,fast,809,1,3.0,3.0,44.0
2018-04-20,5.0,1,0,10.0,rat,825,1,3.0,3.0,44.0
2018-04-20,5.0,0,1,0.058920205,fast,863,1,3.0,3.0,44.0
2018-04-20,7.0,0,1,0.024862202,fast,39,1,3.0,0.0,29.0
2018-04-20,7.0,0,1,1.0,fast,41,1,3.0,0.0,29.0
2018-04-20,7.0,1,0,10.0,rat,65,1,3.0,0.0,29.0
2018-04-20,7.0,0,1,1.0,fast,84,1,3.0,0.0,29.0
2018-04-20,7.0,0,1,1.0,fast,122,1,3.0,0.0,29.0
2018-04-20,7.0,0,1,0.014004332,fast,141,1,3.0,0.0,29.0
2018-04-20,7.0,1,0,7.0,rat,164,1,3.0,0.0,29.0
2018-04-20,7.0,0,1,7.0,pick,216,1,3.0,0.0,29.0
2018-04-20,7.5,1,0,3.0,rat,210,1,3.0,1.0,30.0
2018-04-20,7.5,1,0,6.0,rat,235,1,3.0,1.0,30.0
2018-04-20,7.5,0,1,4.0,pick,269,1,3.0,1.0,30.0
2018-04-20,7.5,0,1,5.0,pick,303,1,3.0,1.0,30.0
2018-04-20,8.5,0,1,4.0,fast,180,1,3.0,1.0,21.0
2018-04-20,8.5,0,1,4.0,fast,467,1,3.0,1.0,21.0
2018-04-20,8.5,0,1,10.0,pick,512,1,3.0,1.0,21.0
2018-04-20,8.5,1,0,10.0,rat,521,1,3.0,1.0,21.0
2018-04-20,8.5,0,1,2.0,fast,547,1,3.0,1.0,21.0
2018-04-20,8.5,0,1,1.0,fast,573,1,3.0,1.0,21.0
2018-04-20,8.5,0,1,3.0,fast,591,1,3.0,1.0,21.0
2018-04-20,8.5,0,1,3.0,pick,621,1,3.0,1.0,21.0
2018-04-20,9.0,0,1,3.0,fast,330,1,3.0,0.0,9.0
2018-04-20,9.0,0,1,0.068554286,fast,487,1,3.0,0.0,9.0
2018-04-20,9.0,0,1,3.0,pick,522,1,3.0,0.0,9.0
2018-04-21,0.5,1,0,4.0,rat,24,1,3.0756396,2.0,45.0
2018-04-21,0.5,0,1,1.0,fast,17,1,3.0756396,2.0,45.0
2018-04-21,1.0,1,1,20.0,pick_and_others,108,1,3.0,0.0,25.0
2018-04-21,1.0,1,0,9.0,rat,130,1,3.0,0.0,25.0
2018-04-21,1.0,1,1,54.0,pick_and_others,474,1,3.0,0.0,25.0
2018-04-21,3.5,0,1,1.0,fast,7,1,2.947076613,1.0,75.0
2018-04-21,3.5,0,1,25.0,pick,22,1,2.947076613,1.0,75.0
2018-04-21,3.5,1,1,14.0,pick_and_others,88,1,2.947076613,1.0,75.0
2018-04-21,4.0,1,0,8.0,bat,97,1,2.546875,1.0,42.0
2018-04-21,4.0,0,1,6.0,pick,102,1,2.546875,1.0,42.0
2018-04-21,4.5,1,1,26.0,pick_and_others,112,1,2.105846774,1.0,56.0
2018-04-21,4.5,0,1,6.0,pick,126,1,2.105846774,1.0,56.0
2018-04-21,4.5,1,1,24.0,pick_and_bat,196,1,2.105846774,1.0,56.0
2018-04-21,4.5,0,1,1.0,fast,258,1,2.105846774,1.0,56.0
2018-04-21,4.5,0,1,19.0,fast,287,1,2.105846774,1.0,56.0
2018-04-22,6.0,0,1,3.0,fast,0,1,2.0,3.0,57.0
2018-04-22,6.0,0,1,6.0,pick,14,1,2.0,3.0,57.0
2018-04-22,6.0,0,1,1.0,fast,48,1,2.0,3.0,57.0
2018-04-22,6.5,1,0,7.0,bats,28,1,2.0,2.0,49.0
2018-04-22,6.5,0,1,1.0,pick,59,1,2.0,2.0,49.0
2018-04-22,6.5,1,0,16.0,bats,109,1,2.0,2.0,49.0
2018-04-22,7.0,0,1,11.0,pick,23,1,2.0,1.0,46.0
2018-04-22,7.0,0,1,18.0,pick,141,1,2.0,1.0,46.0
2018-04-22,7.0,0,1,2.0,pick,191,1,2.0,1.0,46.0
2018-04-22,8.5,0,1,2.0,fast,309,1,2.0,2.0,24.0
2018-04-22,8.5,0,1,1.0,fast,482,1,2.0,2.0,24.0
2018-04-22,8.5,0,1,7.0,pick,501,1,2.0,2.0,24.0
2018-04-22,8.5,0,1,6.0,pick,659,1,2.0,2.0,24.0
2018-04-22,8.5,0,1,5.0,fast,707,1,2.0,2.0,24.0
2018-04-22,8.5,0,1,2.0,fast,722,1,2.0,2.0,24.0
2018-04-22,8.5,1,0,23.0,bat_and_rat,734,1,2.0,2.0,24.0
2018-04-22,8.5,1,1,13.0,pick_and_rat,769,1,2.0,2.0,24.0
2018-04-22,10.0,0,1,2.0,fast,372,1,2.0,5.0,10.0
2018-04-18,10.0,0,1,1.0,fast,263,1,2.0,1.0,6.0
2018-04-28,-0.0,0,1,0.025345863,fast,2,1,3.442622951,2.0,21.0
2018-04-28,-0.0,0,1,0.096196,fast,76,1,3.442622951,2.0,21.0
2018-04-28,-0.0,0,1,0.063701466,pick,91,1,3.442622951,2.0,21.0
2018-04-28,1.5,0,1,0.094784549,fast,105,1,3.0,2.0,25.0
2018-04-28,1.5,1,0,0.014184241,rat,383,1,3.0,2.0,25.0
2018-04-28,2.0,1,0,9.0,rat,0,1,3.0,2.0,35.0
2018-04-28,2.0,1,1,28.0,rat_and_pick,46,1,3.0,2.0,35.0
2018-04-28,3.5,0,1,1.0,fast,85,1,3.0,1.0,54.0
2018-04-28,4.0,0,1,5.0,fast,188,1,3.0,1.0,76.0
2018-04-28,4.0,1,0,0.047647063,bat_fight,0,1,3.0,1.0,76.0
2018-04-28,4.0,1,0,0.090449811,rat,63,1,3.0,1.0,76.0
2018-04-28,4.0,0,1,3.0,fast,139,1,3.0,1.0,76.0
2018-04-28,4.0,0,1,14.0,pick,171,1,3.0,1.0,76.0
2018-04-29,5.0,1,0,17.0,rat,28,1,2.465517241,1.0,89.0
2018-04-29,5.0,1,0,20.0,rat,82,1,2.465517241,1.0,89.0
2018-04-29,5.0,1,0,0.099179779,rat,206,1,2.465517241,1.0,89.0
2018-04-29,5.0,0,1,11.0,pick,309,1,2.465517241,1.0,89.0
2018-04-29,5.5,0,1,2.0,fast,8,1,2.043381535,3.0,100.0
2018-04-29,5.5,1,0,0.043720185,rat,11,1,2.043381535,3.0,100.0
2018-04-29,5.5,1,0,2.0,rat,47,1,2.043381535,3.0,100.0
2018-04-29,5.5,1,0,6.0,rat,66,1,2.043381535,3.0,100.0
2018-04-29,5.5,1,0,5.0,rat_and_bat,78,1,2.043381535,3.0,100.0
2018-04-29,5.5,0,1,3.0,fast,87,1,2.043381535,3.0,100.0
2018-04-29,6.0,1,0,0.069546705,rat,132,1,2.0,2.0,78.0
2018-04-29,6.0,1,0,0.035887407,bat,143,1,2.0,2.0,78.0
2018-04-29,6.0,0,1,5.0,pick,172,1,2.0,2.0,78.0
2018-04-29,6.0,0,1,6.0,fast,182,1,2.0,2.0,78.0
2018-04-29,6.0,0,1,0.087634798,fast,206,1,2.0,2.0,78.0
2018-04-29,6.0,0,1,3.0,fast,211,1,2.0,2.0,78.0
2018-04-29,6.0,0,1,0.038141769,pick,5,1,2.0,2.0,78.0
2018-04-29,6.0,1,1,0.09694048,bat_and_pick_far,38,1,2.0,2.0,78.0
2018-04-29,6.0,0,1,2.0,fast,58,1,2.0,2.0,78.0
2018-04-29,6.0,0,1,2.0,fast,119,1,2.0,2.0,78.0
2018-04-29,6.5,0,1,4.0,fast,105,1,2.0,1.0,78.0
2018-04-29,6.5,0,1,5.0,pick,180,1,2.0,1.0,78.0
2018-04-29,6.5,0,1,3.0,fast,187,1,2.0,1.0,78.0
2018-04-29,6.5,0,1,5.0,pick,247,1,2.0,1.0,78.0
2018-04-29,6.5,0,1,0.020820512,fast,252,1,2.0,1.0,78.0
2018-04-29,6.5,1,0,9.0,bat,419,1,2.0,1.0,78.0
2018-04-29,6.5,0,1,1.0,fast_far,436,1,2.0,1.0,78.0
2018-04-29,6.5,0,1,21.0,pick,572,1,2.0,1.0,78.0
2018-04-29,6.5,1,0,4.0,bat,592,1,2.0,1.0,78.0
2018-04-29,7.5,0,1,1.0,fast,36,1,1.897849462,3.0,41.0
2018-04-29,7.5,0,1,31.0,pick,80,1,1.897849462,3.0,41.0
2018-04-29,7.5,0,1,6.0,pick,169,1,1.897849462,3.0,41.0
2018-04-29,7.5,1,0,2.0,bat,452,1,1.897849462,3.0,41.0
2018-04-29,7.5,1,1,0.071250736,bat_and_pick,466,1,1.897849462,3.0,41.0
2018-04-29,7.5,0,1,4.0,pick,485,1,1.897849462,3.0,41.0
2018-04-29,7.5,0,1,7.0,pick,499,1,1.897849462,3.0,41.0
2018-04-29,8.0,0,1,3.0,fast,783,1,1.433333333,2.0,29.0
2018-04-29,8.0,1,1,0.014550835,pick_and_all,903,1,1.433333333,2.0,29.0
2018-04-29,8.5,1,0,2.0,bat,26,1,1.035483871,4.0,18.0
2018-04-29,8.5,0,1,12.0,pick,63,1,1.035483871,4.0,18.0
2018-04-29,8.5,1,0,0.025349973,bats,402,1,1.035483871,4.0,18.0
2018-04-29,8.5,1,0,0.094601342,rat,708,1,1.035483871,4.0,18.0
2018-04-29,8.5,1,1,26.0,rat_pick,740,1,1.035483871,4.0,18.0
2018-04-29,9.5,0,1,0.044300625,fast,192,1,1.0,4.0,7.0
2018-04-29,9.5,0,1,0.09536188,fast,315,1,1.0,4.0,7.0
2018-04-29,9.5,0,1,0.091074825,fast,109,1,1.0,4.0,7.0
2018-04-28,4.0,0,1,2.0,fast,44,1,3.0,1.0,76.0
2018-04-28,4.0,0,1,1.0,pick,60,1,3.0,1.0,76.0
2018-04-29,7.5,0,1,1.0,fast,66,1,1.897849462,3.0,41.0
2018-04-29,8.0,0,0,2.0,fight,902,1,1.433333333,2.0,29.0
2018-04-29,1.5,0,1,0.017597713,fast,389,1,3.104218362,1.0,17.0
2018-04-29,1.5,0,1,0.032534418,fast,695,1,3.104218362,1.0,17.0
2018-04-29,1.5,0,1,4.0,fast,710,1,3.104218362,1.0,17.0
2018-04-29,1.5,1,1,14.0,bat_rat_pick,759,1,3.104218362,1.0,17.0
2018-04-29,3.5,1,0,20.0,rat_and_bat,4,1,2.914905451,1.0,53.0
2018-04-29,3.5,0,1,2.0,fast,9,1,2.914905451,1.0,53.0
2018-04-29,3.5,1,0,36.0,rat,67,1,2.914905451,1.0,53.0
2018-04-29,3.5,1,0,8.0,rat,144,1,2.914905451,1.0,53.0
2018-04-29,3.5,1,0,0.097800752,rat,184,1,2.914905451,1.0,53.0
2018-04-29,3.5,1,0,0.063312201,bat_fight,428,1,2.914905451,1.0,53.0
2018-04-29,3.5,1,1,18.0,bat_pick,490,1,2.914905451,1.0,53.0
2018-04-29,3.5,0,1,2.0,fast,521,1,2.914905451,1.0,53.0
2018-04-29,3.5,1,1,5.0,rat_and_pick,529,1,2.914905451,1.0,53.0
2018-04-29,4.0,0,1,0.078489345,fast,776,1,2.448275862,0.0,49.0
2018-04-30,6.0,1,1,22.0,pick_bat,239,1,2.0,1.0,45.0
2018-04-30,6.0,1,1,46.0,pick_bat,257,1,2.0,1.0,45.0
2018-04-30,6.0,1,1,9.0,pick_bat,290,1,2.0,1.0,45.0
2018-04-30,6.0,0,1,4.0,fast,304,1,2.0,1.0,45.0
2018-04-30,6.0,1,1,0.085746166,rat_pick,315,1,2.0,1.0,45.0
2018-04-30,6.0,0,1,4.0,pick,323,1,2.0,1.0,45.0
2018-04-30,6.0,1,0,0.040027684,rat,407,1,2.0,1.0,45.0
2018-04-30,6.5,0,1,0.076567662,fast,633,1,2.0,0.0,53.0
2018-04-30,6.5,1,0,0.072746343,bat_and_rat,800,1,2.0,0.0,53.0
2018-04-30,6.5,1,0,0.055695432,bat_and_rat,808,1,2.0,0.0,53.0
2018-04-30,6.5,1,0,33.0,bat_and_rat,816,1,2.0,0.0,53.0
2018-04-30,6.5,1,1,39.0,pick_and_bat,844,1,2.0,0.0,53.0
2018-04-30,6.5,0,1,3.0,fast,925,1,2.0,0.0,53.0
2018-04-30,7.5,0,1,0.094277126,fast,63,1,1.901144641,1.0,32.0
2018-04-30,7.5,0,1,1.0,fast,91,1,1.901144641,1.0,32.0
2018-04-30,7.5,0,1,7.0,pick,162,1,1.901144641,1.0,32.0
2018-04-30,7.5,0,1,0.037865482,fast,191,1,1.901144641,1.0,32.0
2018-04-30,7.5,0,1,4.0,fast,222,1,1.901144641,1.0,32.0
2018-04-30,7.5,1,1,0.037828205,bat_and_pick,291,1,1.901144641,1.0,32.0
2018-04-30,7.5,1,1,22.0,bat_and_pick,288,1,1.901144641,1.0,32.0
2018-04-30,7.5,0,1,0.099086619,fast,624,1,1.901144641,1.0,32.0
2018-04-30,7.5,1,1,0.033212611,bat_and_pick,630,1,1.901144641,1.0,32.0
2018-04-30,7.5,1,0,0.096084094,bat_and_rat,878,1,1.901144641,1.0,32.0
2018-04-30,8.5,1,1,7.0,bat_and_pick,605,1,1.047346514,1.0,10.0
2018-04-30,8.5,0,1,6.0,pick,653,1,1.047346514,1.0,10.0
2018-04-30,6.5,1,0,5.0,rat_and_bat,445,1,2.0,0.0,53.0
2018-04-27,2.5,1,0,8.0,rat,47,1,3.0,5.0,64.0
2018-04-27,2.5,1,0,5.0,rat,199,1,3.0,5.0,64.0
2018-04-27,3.5,1,0,1.0,rat,127,1,3.0,2.0,39.0
2018-04-27,3.5,0,1,2.0,fast,18,1,3.0,2.0,39.0
2018-04-27,3.5,0,1,1.0,fast,79,1,3.0,2.0,39.0
2018-04-27,4.0,0,1,2.0,fast,105,1,3.0,1.0,54.0
2018-04-27,4.0,1,1,5.0,pick_and_others,576,1,3.0,1.0,54.0
2018-04-27,4.0,1,0,13.0,bats,592,1,3.0,1.0,54.0
2018-04-27,4.0,1,0,15.0,bats,623,1,3.0,1.0,54.0
2018-04-27,4.0,0,1,1.0,fast,35,1,3.0,1.0,54.0
2018-04-27,4.0,0,1,3.0,fast,74,1,3.0,1.0,54.0
2018-04-27,4.0,0,1,2.0,fast,120,1,3.0,1.0,54.0
2018-04-27,4.5,0,1,6.0,pick,23,1,3.0,1.0,66.0
2018-04-28,5.0,1,1,11.0,rat_and_pick,174,1,3.0,4.0,56.0
2018-04-28,5.0,1,0,3.0,rat,330,1,3.0,4.0,56.0
2018-04-28,5.0,0,1,6.0,pick,363,1,3.0,4.0,56.0
2018-04-28,5.0,1,0,5.0,bat_fight,365,1,3.0,4.0,56.0
2018-04-28,5.0,0,1,2.0,fast,373,1,3.0,4.0,56.0
2018-04-28,5.0,0,1,4.0,pick,401,1,3.0,4.0,56.0
2018-04-28,5.0,1,0,1.0,rat,408,1,3.0,4.0,56.0
2018-04-28,5.0,1,0,7.0,rat,434,1,3.0,4.0,56.0
2018-04-28,5.0,0,1,6.0,pick,449,1,3.0,4.0,56.0
2018-04-28,5.0,1,1,5.0,pick_and_rat,496,1,3.0,4.0,56.0
2018-04-28,5.0,0,1,18.0,pick,497,1,3.0,4.0,56.0
2018-04-28,5.0,0,1,3.0,fast,520,1,3.0,4.0,56.0
2018-04-28,5.0,1,0,10.0,bat_and_rat,544,1,3.0,4.0,56.0
2018-04-28,6.0,0,1,1.0,fast,19,1,3.0,1.0,71.0
2018-04-28,6.0,0,1,0.063724824,fast,35,1,3.0,1.0,71.0
2018-04-28,6.0,0,1,6.0,pick,74,1,3.0,1.0,71.0
2018-04-28,7.0,0,1,4.0,pick,90,1,3.0,3.0,51.0
2018-04-28,7.0,1,0,5.0,rat_disappear,60,1,3.0,3.0,51.0
2018-04-28,7.0,0,1,0.026148246,fast,90,1,3.0,3.0,51.0
2018-04-28,7.5,1,1,7.0,pick_and_bat,120,1,2.935104364,2.0,47.0
2018-04-28,7.5,0,1,7.0,pick,128,1,2.935104364,2.0,47.0
2018-04-28,7.5,0,1,0.08833199,fast,139,1,2.935104364,2.0,47.0
2018-04-28,7.5,0,1,8.0,pick,170,1,2.935104364,2.0,47.0
2018-04-28,7.5,1,1,28.0,pick_and_others,195,1,2.935104364,2.0,47.0
2018-04-28,7.5,0,1,6.0,pick,211,1,2.935104364,2.0,47.0
2018-04-28,8.0,1,0,15.0,rat_and_bat,31,1,2.611764706,3.0,30.0
2018-04-28,8.0,0,1,2.0,fast,45,1,2.611764706,3.0,30.0
2018-04-28,8.5,0,1,3.0,fast,194,1,2.258823529,2.0,6.0
2018-04-28,8.5,0,1,3.0,fast,172,1,2.258823529,2.0,6.0
2018-04-28,10.0,1,0,17.0,rat,115,1,2.0,4.0,10.0
2018-04-28,10.0,0,1,1.0,pick,370,1,2.0,4.0,10.0
2018-04-28,10.5,0,1,3.0,fast,56,1,2.0,2.0,10.0
2018-04-19,5.0,0,1,7.0,pick,59,1,3.589285714,1.0,46.0
2018-04-19,6.0,0,1,3.0,fast,187,1,2.55,1.0,42.0
2018-04-19,9.5,1,0,8.0,rat,200,1,2.0,1.0,13.0
2018-04-19,9.5,0,1,1.0,fast,210,1,2.0,1.0,13.0
2018-04-19,9.5,0,1,5.0,pick,274,1,2.0,1.0,13.0
2018-04-19,9.5,0,1,14.0,pick,280,1,2.0,1.0,13.0
2018-04-30,2.0,1,0,2.0,rat,38,1,3.0,2.0,29.0
2018-04-30,2.0,1,0,2.0,bats,109,1,3.0,2.0,29.0
2018-04-30,2.0,1,1,50.0,bat_and_pick,299,1,3.0,2.0,29.0
2018-04-30,3.0,1,0,6.0,bat_fight,139,1,3.0,1.0,13.0
2018-04-30,3.0,0,1,11.0,pick,228,1,3.0,1.0,13.0
2018-04-30,3.0,1,0,13.0,bat,407,1,3.0,1.0,13.0
2018-04-30,3.5,1,0,32.0,rat,359,1,3.0,2.0,18.0
2018-04-30,4.0,0,1,36.0,pick,0,1,3.0,1.0,41.0
2018-04-30,4.0,1,0,4.0,bat_fight,616,1,3.0,1.0,41.0
2018-04-30,4.0,1,0,9.0,bat_fight,655,1,3.0,1.0,41.0
2018-04-30,4.0,1,0,12.0,bat_fight,673,1,3.0,1.0,41.0
2018-04-30,4.0,1,1,11.0,bat_pick,685,1,3.0,1.0,41.0
2018-04-30,4.0,0,1,2.0,fast,773,1,3.0,1.0,41.0
2018-04-22,0.5,1,0,5.0,bat,9,1,3.11143695,1.0,13.0
2018-04-22,0.5,0,1,2.0,fast,203,1,3.11143695,1.0,13.0
2018-04-23,5.0,0,1,7.0,pick,161,1,2.0,0.0,73.0
2018-04-23,5.0,0,1,2.0,pick,238,1,2.0,0.0,73.0
2018-04-23,5.5,0,1,5.0,fast,64,1,1.943548387,2.0,61.0
2018-04-23,5.5,0,1,4.0,pick,174,1,1.943548387,2.0,61.0
2018-04-23,5.5,0,1,4.0,pick,263,1,1.943548387,2.0,61.0
2018-04-23,5.5,0,1,16.0,pick,276,1,1.943548387,2.0,61.0
2018-04-23,6.0,0,1,1.0,fast,105,1,1.516666667,3.0,60.0
2018-04-23,6.0,0,1,2.0,fast,183,1,1.516666667,3.0,60.0
2018-04-23,6.5,0,1,3.0,pick,1,1,1.133333333,2.0,56.0
2018-04-23,5.5,0,1,4.0,pick,161,1,1.943548387,2.0,61.0
2018-04-25,0.0,1,1,30.0,pick_and_rat,57,1,4.0,1.0,7.0
2018-04-25,0.0,0,1,28.0,pick,433,1,4.0,1.0,7.0
2018-04-23,0.5,0,1,2.0,fast_and_pick,5,1,3.949388209,1.0,52.0
2018-04-20,0.0,0,1,1.0,fast,254,1,3.555555556,1.0,20.0
2018-04-20,0.0,0,1,5.0,fast,383,1,3.555555556,1.0,20.0
2018-04-20,0.0,0,1,0.039481249,fast,440,1,3.555555556,1.0,20.0
2018-04-20,2.0,1,0,37.0,rat,375,1,3.0,3.0,25.0
2018-04-20,2.0,0,1,2.0,fast,139,1,3.0,3.0,25.0
2018-04-20,2.0,0,1,25.0,pick,250,1,3.0,3.0,25.0
2018-04-20,2.0,0,1,37.0,pick,477,1,3.0,3.0,25.0
2018-04-20,3.0,0,1,2.0,pick,12,1,3.0,2.0,34.0
2018-04-21,5.5,0,1,1.0,pick,0,1,2.085094549,1.0,60.0
2018-04-21,5.5,1,0,28.0,bat_and_rat,107,1,2.085094549,1.0,60.0
2018-04-21,5.5,1,0,2.0,bat_fight,349,1,2.085094549,1.0,60.0
2018-04-21,5.5,0,1,0.071239584,fast,383,1,2.085094549,1.0,60.0
2018-04-21,6.5,1,0,11.0,rat,25,1,2.0,3.0,56.0
2018-04-21,7.0,1,0,5.0,bats,121,1,2.0,2.0,69.0
2018-04-21,7.0,0,1,0.033235649,fast,150,1,2.0,2.0,69.0
2018-04-21,7.0,0,1,3.0,pick,172,1,2.0,2.0,69.0
2018-04-21,7.0,1,0,15.0,rat,460,1,2.0,2.0,69.0
2018-04-21,7.0,0,1,1.0,fast,482,1,2.0,2.0,69.0
2018-04-21,7.0,1,0,1.0,rat,580,1,2.0,2.0,69.0
2018-04-21,7.0,1,0,17.0,rat,587,1,2.0,2.0,69.0
2018-04-21,7.0,0,1,0.0502264,fast,603,1,2.0,2.0,69.0
2018-04-21,7.0,1,0,4.0,bat_fight,619,1,2.0,2.0,69.0
2018-04-21,7.0,0,0,1.0,fight,621,1,2.0,2.0,69.0
2018-04-21,7.0,1,0,2.0,bat,628,1,2.0,2.0,69.0
2018-04-21,7.0,0,1,2.0,fast,638,1,2.0,2.0,69.0
2018-04-21,8.0,0,1,1.0,fast,261,1,1.533333333,2.0,40.0
2018-04-21,8.0,1,0,6.0,rat,279,1,1.533333333,2.0,40.0
2018-04-21,10.5,0,1,4.0,fast,285,1,0.0,4.0,11.0
2018-04-21,5.5,0,1,17.0,pick,336,1,2.085094549,1.0,60.0
2018-05-06,4.5,1,0,4.0,rat,629,1,3.0,1.0,13.0
2018-05-07,8.0,1,0,10.0,bat_fight,234,1,3.0,4.0,11.0
2018-05-07,8.5,1,0,23.0,rat,423,1,2.88856305,5.0,13.0
2018-05-07,9.0,1,0,2.0,rat,158,1,2.381818182,3.0,14.0
2018-05-07,9.5,1,0,42.0,rat,108,1,2.012316716,0.0,6.0
2018-05-07,10.0,0,1,10.0,pick,149,1,2.0,3.0,13.0
2018-05-07,10.0,1,0,2.0,rat,187,1,2.0,3.0,13.0
2018-05-07,8.0,1,0,30.0,bat_fight_rat,221,1,3.0,4.0,11.0
2018-05-07,9.0,1,1,50.0,rat_pick,252,1,2.381818182,3.0,14.0
2018-05-09,6.0,0,1,31.0,pick,230,1,0.0,1.0,27.0
2018-05-09,7.0,1,0,3.0,bat_rat,10,1,0.0,1.0,52.0
2018-05-09,7.0,0,1,2.0,fast,61,1,0.0,1.0,52.0
2018-05-09,7.0,0,1,1.0,fast,132,1,0.0,1.0,52.0
2018-05-09,7.0,0,1,4.0,pick,137,1,0.0,1.0,52.0
2018-05-09,7.0,0,1,5.0,pick,144,1,0.0,1.0,52.0
2018-05-09,7.0,0,1,21.0,pick,318,1,0.0,1.0,52.0
2018-05-09,7.0,0,1,7.0,pick,367,1,0.0,1.0,52.0
2018-05-09,7.0,0,1,23.0,pick,378,1,0.0,1.0,52.0
2018-05-09,8.0,0,1,1.0,fast,78,1,0.0,1.0,29.0
2018-05-09,8.0,1,0,8.0,rat,483,1,0.0,1.0,29.0
2018-05-09,8.0,1,0,8.0,rat,530,1,0.0,1.0,29.0
2018-05-01,-0.0,0,1,4.0,pick,618,1,4.0,0.0,29.0
2018-05-01,-0.0,0,1,1.0,fast,703,1,4.0,0.0,29.0
2018-05-01,-0.0,0,1,1.0,fast,939,1,4.0,0.0,29.0
2018-05-01,2.0,0,1,1.0,fast,62,1,3.0,1.0,19.0
2018-05-01,2.0,0,1,1.0,fast,443,1,3.0,1.0,19.0
2018-05-01,3.0,0,0,4.0,pup_and_mon,275,1,3.0,1.0,12.0
2018-05-01,4.0,0,1,23.0,pick,261,1,3.0,1.0,39.0
2018-05-01,4.5,0,1,10.0,pick,130,1,3.0,1.0,20.0
2018-05-02,5.5,0,1,2.0,pick,10,1,3.0,1.0,34.0
2018-05-02,5.5,1,0,19.0,rat,12,1,3.0,1.0,34.0
2018-05-02,5.5,0,1,1.0,fast,142,1,3.0,1.0,34.0
2018-05-02,5.5,1,0,2.0,bat_fight,253,1,3.0,1.0,34.0
2018-05-02,5.5,1,0,6.0,bat_and_rat,280,1,3.0,1.0,34.0
2018-05-02,5.5,1,1,20.0,pick_bat_rat,396,1,3.0,1.0,34.0
2018-05-02,5.5,0,1,22.0,pick,408,1,3.0,1.0,34.0
2018-05-02,5.5,0,1,7.0,pick,433,1,3.0,1.0,34.0
2018-05-02,5.5,1,0,4.0,rat,627,1,3.0,1.0,34.0
2018-05-02,6.0,1,0,2.0,rat,99,1,3.0,2.0,36.0
2018-05-02,7.0,1,0,0.010871342,bat,404,1,3.0,4.0,35.0
2018-05-02,7.0,1,0,4.0,bat,449,1,3.0,4.0,35.0
2018-05-02,7.0,1,0,6.0,bat,481,1,3.0,4.0,35.0
2018-05-02,7.5,0,1,30.0,pick,394,1,3.0,4.0,17.0
2018-05-02,8.5,0,1,1.0,fast,23,1,3.0,2.0,11.0
2018-05-02,9.0,1,1,23.0,rat_pick,489,1,3.0,7.0,4.0
2018-05-02,10.0,0,1,0.019932178,fast,110,1,3.0,2.0,2.0
2018-05-02,5.5,1,0,22.0,bat_fight,296,1,3.0,1.0,34.0
2018-05-02,7.0,1,0,7.0,bat,507,1,3.0,4.0,35.0
2018-05-08,5.5,1,0,4.0,rat,78,1,2.008201203,1.0,38.0
2018-05-08,7.0,0,1,2.0,fast,48,1,2.0,1.0,59.0
2018-05-08,7.0,0,1,7.0,pick,123,1,2.0,1.0,59.0
2018-05-08,7.0,1,0,5.0,rat,161,1,2.0,1.0,59.0
2018-05-10,8.0,0,1,3.0,fast,31,1,3.0,1.0,10.0
2018-05-10,9.5,1,0,3.0,rat,29,1,2.018145161,1.0,25.0
2018-05-10,9.5,1,1,44.0,rat_and_pick,66,1,2.018145161,1.0,25.0
2018-05-10,2.5,0,1,4.0,fast,15,1,3.0,1.0,36.0
2018-05-10,2.5,0,1,1.0,fast,105,1,3.0,1.0,36.0
2018-05-10,3.0,1,0,7.0,rat,218,1,3.0,0.0,34.0
2018-05-10,3.0,1,0,24.0,rat,228,1,3.0,0.0,34.0
2018-05-10,4.5,1,0,22.0,rat,87,1,3.0,1.0,32.0
2018-05-11,7.5,1,0,2.0,rat,627,1,2.003337041,0.0,23.0
2018-05-11,7.5,1,1,21.0,pick_and_rat,670,1,2.003337041,0.0,23.0
2018-05-11,7.5,1,1,8.0,pick_and_rat,705,1,2.003337041,0.0,23.0
2018-05-11,9.0,1,0,8.0,rat,331,1,2.0,2.0,15.0
2018-05-17,3.0,0,1,1.0,fast,247,1,2.241935484,1.0,30.0
2018-05-17,3.0,1,0,9.0,rat,252,1,2.241935484,1.0,30.0
2018-05-17,3.5,1,1,4.0,rat_pick,383,1,2.0,0.0,40.0
2018-05-17,4.5,1,0,3.0,bat_and_rat,28,1,2.0,0.0,31.0
2018-05-17,4.5,1,0,1.0,rat,54,1,2.0,0.0,31.0
2018-05-17,4.5,1,0,11.0,rat_bat,348,1,2.0,0.0,31.0
2018-05-17,4.5,1,0,34.0,rat,378,1,2.0,0.0,31.0
2018-05-17,4.5,1,1,16.0,rat_pick,529,1,2.0,0.0,31.0
2018-05-19,2.5,1,1,31.0,rat_pick,126,1,3.0,1.0,29.0
2018-05-20,2.5,1,0,8.0,rat,624,1,3.0,1.0,33.0
2018-05-21,5.5,1,1,35.0,rat_pick,455,1,2.0,0.0,53.0
2018-05-21,7.5,1,1,26.0,rat_pick,271,1,1.745762712,0.0,37.0
2018-05-21,7.5,1,0,43.0,rat_bat_fight,455,1,1.745762712,0.0,37.0
2018-05-21,5.5,1,0,34.0,fight_rat,300,1,2.0,0.0,53.0
2018-05-17,8.0,1,0,14.0,rat,111,1,1.272727273,2.0,30.0
2018-05-01,5.0,1,0,36.0,bat_and_rat,0,1,3.0,1.0,45.0
2018-05-01,5.0,0,1,4.0,fast,16,1,3.0,1.0,45.0
2018-05-01,5.0,1,0,19.0,bat_fight,41,1,3.0,1.0,45.0
2018-05-01,5.0,1,0,4.0,bat_fight,50,1,3.0,1.0,45.0
2018-05-01,5.0,1,0,14.0,rat,134,1,3.0,1.0,45.0
2018-05-01,5.0,1,0,29.0,bat_fight,195,1,3.0,1.0,45.0
2018-05-01,5.0,0,1,0.095162728,fast,11,1,3.0,1.0,45.0
2018-05-01,5.0,0,1,3.0,fast,241,1,3.0,1.0,45.0
2018-05-01,5.0,0,1,0.042360901,fast,250,1,3.0,1.0,45.0
2018-05-01,5.0,0,1,2.0,fast,271,1,3.0,1.0,45.0
2018-05-01,5.0,1,0,3.0,bat,276,1,3.0,1.0,45.0
2018-05-01,5.0,0,1,2.0,fast,304,1,3.0,1.0,45.0
2018-05-01,5.0,1,0,8.0,bat_and_rat,352,1,3.0,1.0,45.0
2018-05-01,5.5,1,0,4.0,bat,649,1,2.930875576,0.0,36.0
2018-05-01,5.5,1,0,30.0,rat,733,1,2.930875576,0.0,36.0
2018-05-01,5.5,1,0,18.0,rat,819,1,2.930875576,0.0,36.0
2018-05-01,5.5,0,1,2.0,fast,889,1,2.930875576,0.0,36.0
2018-05-01,5.5,1,0,8.0,bat_fight,932,1,2.930875576,0.0,36.0
2018-05-01,5.5,1,0,52.0,bat_fight,938,1,2.930875576,0.0,36.0
2018-05-01,7.0,0,1,2.0,fast,1,1,2.0,1.0,48.0
2018-05-01,8.0,0,1,4.0,pick,386,1,2.0,1.0,12.0
2018-05-01,8.5,1,0,7.0,rat,257,1,2.0,4.0,6.0
2018-05-01,8.5,0,1,4.0,fast,295,1,2.0,4.0,6.0
2018-05-01,10.5,1,1,19.0,pick_rat_and_bat,125,1,2.0,0.0,4.0
2018-05-01,5.0,1,0,1.0,rat,62,1,3.0,1.0,45.0
2018-05-01,5.0,0,1,5.0,pick,210,1,3.0,1.0,45.0
2018-05-01,5.0,0,1,2.0,fast,177,1,3.0,1.0,45.0
2018-05-01,5.5,0,1,13.0,fast,377,1,2.930875576,0.0,36.0
2018-05-01,5.5,0,1,1.0,fast,915,1,2.930875576,0.0,36.0
2018-05-01,5.5,1,0,40.0,fight_bat,918,1,2.930875576,0.0,36.0
2018-05-13,3.0,1,1,8.0,rat_pick,118,1,3.099320883,3.0,16.0
2018-05-14,6.0,1,0,26.0,bat,482,1,3.0,1.0,37.0
2018-05-14,10.0,1,0,4.0,bat,11,1,3.0,2.0,6.0
2018-05-14,8.0,0,1,14.0,fast,140,1,3.0,1.0,24.0
2018-05-02,-0.0,1,1,6.0,pick_rat,260,1,3.49122807,2.0,22.0
2018-05-02,0.5,1,0,3.0,rat,9,1,3.051499717,2.0,31.0
2018-05-02,0.5,1,0,1.0,rat,51,1,3.051499717,2.0,31.0
2018-05-02,0.5,1,0,1.0,rat,146,1,3.051499717,2.0,31.0
2018-05-02,1.5,0,1,18.0,pick,89,1,3.0,2.0,27.0
2018-05-02,1.5,1,0,1.0,rat,124,1,3.0,2.0,27.0
2018-05-02,1.5,1,0,4.0,rat,317,1,3.0,2.0,27.0
2018-05-02,2.5,0,1,29.0,pick,348,1,3.0,2.0,43.0
2018-05-02,3.5,0,1,1.0,fast,293,1,3.0,5.0,20.0
2018-05-02,4.0,1,1,16.0,rat_and_pick,5,1,3.0,0.0,32.0
2018-05-02,4.0,0,1,1.0,fast,451,1,3.0,0.0,32.0
2018-05-02,4.5,0,1,56.0,pick,379,1,3.0,1.0,47.0
2018-05-03,8.0,1,0,13.0,rat,453,1,2.0,3.0,25.0
2018-05-03,8.0,1,0,1.0,rat_and_bat,566,1,2.0,3.0,25.0
2018-05-03,8.0,0,1,1.0,fast,625,1,2.0,3.0,25.0
2018-05-03,8.5,1,0,20.0,rat,137,1,2.0,3.0,10.0
2018-05-05,2.5,1,0,14.0,rat,264,1,3.0,2.0,20.0
2018-05-05,3.5,1,0,15.0,rat,90,1,3.0,2.0,23.0
2018-05-05,3.5,1,0,23.0,rat,44,1,3.0,2.0,23.0
2018-05-05,4.0,0,1,1.0,fast,62,1,3.0,1.0,21.0
2018-05-06,6.5,1,0,1.0,rat,116,1,3.0,1.0,26.0
2018-05-06,6.5,1,0,3.0,rat,118,1,3.0,1.0,26.0
2018-05-06,6.5,1,0,16.0,bat_fight,202,1,3.0,1.0,26.0
2018-05-06,6.5,1,0,27.0,bat_fight_and_rat,210,1,3.0,1.0,26.0
2018-05-06,6.5,1,0,0.092315438,rat,270,1,3.0,1.0,26.0
2018-05-06,6.5,1,0,16.0,rat,657,1,3.0,1.0,26.0
2018-05-06,7.0,1,0,5.0,rat,783,1,3.0,0.0,16.0
2018-05-06,8.0,1,1,12.0,pick_bat,377,1,3.0,1.0,27.0
2018-05-06,8.5,0,1,1.0,fast,536,1,2.838709677,2.0,21.0
2018-05-06,8.5,1,0,1.0,rat,557,1,2.838709677,2.0,21.0
2018-05-06,8.5,0,1,2.0,fast,581,1,2.838709677,2.0,21.0
2018-05-06,8.5,1,0,12.0,rat,721,1,2.838709677,2.0,21.0
2018-05-06,8.5,0,1,1.0,fast,733,1,2.838709677,2.0,21.0
2018-05-06,8.5,0,1,3.0,fast,737,1,2.838709677,2.0,21.0
2018-05-06,8.5,1,1,50.0,rat_pick,802,1,2.838709677,2.0,21.0
2018-05-06,8.5,0,1,1.0,fast,935,1,2.838709677,2.0,21.0
2018-05-06,9.0,1,0,37.0,rat_and_rat,188,1,2.35,1.0,8.0
2018-05-06,9.5,0,1,1.0,fast,737,1,2.011290323,6.0,19.0
2018-05-06,9.5,1,0,5.0,rat,756,1,2.011290323,6.0,19.0
2018-05-06,9.5,0,1,8.0,pick,808,1,2.011290323,6.0,19.0
2018-05-06,10.0,1,0,19.0,rat,91,1,2.0,1.0,13.0
2018-05-04,1.0,1,0,6.0,rat,54,1,3.0,3.0,16.0
2018-05-04,1.5,0,1,10.0,pick,275,1,3.0,3.0,23.0
2018-05-04,1.5,1,1,17.0,pick_rat,645,1,3.0,3.0,23.0
2018-05-04,3.0,1,1,33.0,rat_pick,131,1,3.0,3.0,27.0
2018-05-04,3.0,0,1,8.0,pick,28,1,3.0,3.0,27.0
2018-05-04,3.0,0,1,1.0,fast,43,1,3.0,3.0,27.0
2018-05-04,4.0,1,0,16.0,rat,167,1,3.0,1.0,20.0
2018-05-05,5.5,1,0,14.0,rat,695,1,3.0,3.0,14.0
2018-05-05,5.5,0,1,19.0,pick,766,1,3.0,3.0,14.0
2018-05-05,6.5,0,1,2.0,fast,13,1,2.871523915,1.0,26.0
2018-05-05,6.5,1,1,46.0,rat_pick,172,1,2.871523915,1.0,26.0
2018-05-05,6.5,0,1,2.0,fast,233,1,2.871523915,1.0,26.0
2018-05-05,7.5,0,1,1.0,fast,81,1,2.015572859,3.0,29.0
2018-05-05,8.0,1,0,1.0,rat,179,1,2.0,2.0,17.0
2018-05-05,8.0,1,0,18.0,rat,237,1,2.0,2.0,17.0
2018-05-05,8.5,0,1,35.0,pick,117,1,2.0,0.0,10.0
2018-05-05,9.5,1,0,38.0,rat,537,1,2.0,0.0,8.0
2018-05-03,-0.0,1,0,1.0,rat,790,1,3.423728814,2.0,23.0
2018-05-03,-0.0,1,1,39.0,rat_and_pick,844,1,3.423728814,2.0,23.0
2018-05-03,-0.0,1,0,4.0,rat,930,1,3.423728814,2.0,23.0
2018-05-03,1.5,1,0,0.042337019,rat,40,1,3.0,3.0,11.0
2018-05-03,4.5,1,1,22.0,rat_and_bat_and_pick,200,1,3.0,2.0,14.0
2018-05-03,4.5,1,0,29.0,bat,260,1,3.0,2.0,14.0
2018-05-03,4.5,0,1,28.0,pick,326,1,3.0,2.0,14.0
2018-05-04,5.0,1,0,5.0,rat,153,1,3.0,1.0,14.0
2018-05-04,5.0,1,0,18.0,rat,764,1,3.0,1.0,14.0
2018-05-04,5.0,1,0,20.0,rat,774,1,3.0,1.0,14.0
2018-05-04,6.5,1,0,0.018395555,rat,9,1,2.906506288,1.0,27.0
2018-05-04,6.5,0,1,4.0,fast,385,1,2.906506288,1.0,27.0
2018-05-04,6.5,1,0,11.0,bat,505,1,2.906506288,1.0,27.0
2018-05-04,6.5,0,1,4.0,fast,519,1,2.906506288,1.0,27.0
2018-05-04,6.5,0,1,10.0,pick,555,1,2.906506288,1.0,27.0
2018-05-04,7.5,1,0,36.0,bat_fight,106,1,2.036085293,5.0,30.0
2018-05-04,7.5,1,0,10.0,bat_fight,142,1,2.036085293,5.0,30.0
2018-05-04,7.5,0,1,1.0,fast,164,1,2.036085293,5.0,30.0
2018-05-04,7.5,0,1,5.0,pick,248,1,2.036085293,5.0,30.0
2018-05-04,7.5,1,0,45.0,rat,484,1,2.036085293,5.0,30.0
2018-05-04,7.5,0,1,0.062233499,fast,547,1,2.036085293,5.0,30.0
2018-05-04,7.5,1,1,6.0,pick_bat,593,1,2.036085293,5.0,30.0
2018-05-04,7.5,0,1,8.0,pick,620,1,2.036085293,5.0,30.0
2018-05-04,7.5,1,0,5.0,rat,636,1,2.036085293,5.0,30.0
2018-05-04,8.0,1,0,8.0,rat,810,1,2.0,0.0,25.0
2018-05-04,8.0,1,0,4.0,rat,23,1,2.0,0.0,25.0
2018-05-04,9.0,1,0,2.0,rat,224,1,2.0,3.0,6.0
2018-05-04,9.0,0,1,1.0,fast,275,1,2.0,3.0,6.0
2018-05-04,9.0,0,1,22.0,pick,310,1,2.0,3.0,6.0
2018-05-03,4.5,0,1,2.0,fast,339,1,3.0,2.0,14.0
